OBJECTID,POPULATION,LANG_CODE,LAT_Y,LON_X,DIST_CODE,PROV_CODE,AFG_UID
31,733,2,32.0893,66.79675,2401,24,ZBL-QLT-156
32,1029,2,32.11301,66.90993,2401,24,ZBL-QLT-150
34,162,2,32.10196,66.91079,2401,24,ZBL-QLT-153
1376,180,2,33.18105,69.83337,2607,26,KST-GRB-059
1377,249,2,33.13089,69.83012,2607,26,KST-GRB-060
1378,472,2,33.1534,69.82811,2607,26,KST-GRB-062
1379,360,2,33.18155,69.82816,2607,26,KST-GRB-063
1380,1109,2,33.10952,69.85,2607,26,KST-GRB-064
1381,113,2,33.15309,69.84053,2607,26,KST-GRB-061
1383,62,2,33.22167,69.83201,2606,26,KST-TNI-139
1388,1024,2,33.2419,69.882,2607,26,KST-GRB-039
1389,304,2,33.2655,69.8411,2606,26,KST-TNI-035
1390,201,2,33.1625,69.7261,2606,26,KST-TNI-083
1391,466,2,33.2749,69.8415,2606,26,KST-TNI-034
1392,532,2,33.2681,69.8417,2606,26,KST-TNI-100
1393,13,2,33.2101,69.7639,2606,26,KST-TNI-029
1394,323,2,33.2627,69.8416,2606,26,KST-TNI-031
1395,631,2,33.1961,69.7527,2606,26,KST-TNI-053
1396,144,2,33.163,69.7341,2606,26,KST-TNI-052
1397,277,2,33.2235,69.7695,2606,26,KST-TNI-086
1398,1248,2,33.161,69.7623,2606,26,KST-TNI-098
1399,311,2,33.1512,69.8008,2606,26,KST-TNI-132
1400,23,2,33.208,69.7924,2606,26,KST-TNI-107
1401,428,2,33.2653,69.7972,2606,26,KST-TNI-073
3166,86,9,31.5281,67.4722,2410,24,ZBL-SMZ-081
3167,136,9,31.5653,67.4374,2410,24,ZBL-SMZ-091
3168,546,9,31.556,67.6094,2410,24,ZBL-SMZ-097
3169,60,9,31.6482,67.5801,2410,24,ZBL-SMZ-099
3170,387,9,31.5877,67.5431,2410,24,ZBL-SMZ-113
3171,191,9,31.6364,67.4571,2410,24,ZBL-SMZ-116
3172,35,9,31.6095,67.5875,2410,24,ZBL-SMZ-140
3173,162,9,31.5863,67.4523,2410,24,ZBL-SMZ-154
3174,64,9,31.5372,67.4568,2410,24,ZBL-SMZ-160
3175,131,9,31.5603,67.5712,2410,24,ZBL-SMZ-198
3176,42,9,31.5133,67.5197,2410,24,ZBL-SMZ-217
3177,46,2,31.6475,67.5389,2410,24,ZBL-SMZ-219
3178,142,9,31.5878,67.6367,2410,24,ZBL-SMZ-222
3179,57,9,31.6486,67.5612,2410,24,ZBL-SMZ-244
3180,37,9,31.6201,67.4737,2410,24,ZBL-SMZ-264
3181,51,9,31.6562,67.5458,2410,24,ZBL-SMZ-267
3182,46,9,31.5919,67.4602,2410,24,ZBL-SMZ-268
3183,130,9,31.6107,67.4554,2410,24,ZBL-SMZ-275
3184,22,9,31.6603,67.5299,2409,24,ZBL-ATR-027
3185,198,2,31.6517,67.5168,2409,24,ZBL-ATR-057
3186,49,9,31.646,67.4516,2409,24,ZBL-ATR-036
3187,226,9,31.6463,67.4178,2409,24,ZBL-ATR-040
3192,181,9,31.9864,67.1333,2405,24,ZBL-SNK-060
3199,293,9,31.6851,67.8357,2410,24,ZBL-SMZ-086
3200,194,9,31.7007,67.8588,2410,24,ZBL-SMZ-093
3201,39,9,31.5695,67.7653,2410,24,ZBL-SMZ-094
3202,125,9,31.7993,67.9946,2410,24,ZBL-SMZ-106
3203,386,9,31.6612,67.6838,2410,24,ZBL-SMZ-107
3204,266,9,31.6499,67.7331,2410,24,ZBL-SMZ-114
3205,64,9,31.6886,67.707,2410,24,ZBL-SMZ-115
3206,156,9,31.7417,67.9936,2410,24,ZBL-SMZ-117
3207,65,9,31.5566,67.6758,2410,24,ZBL-SMZ-121
3208,219,9,31.6653,67.8451,2410,24,ZBL-SMZ-127
3209,80,9,31.7089,67.8173,2410,24,ZBL-SMZ-128
3210,223,9,31.7044,67.8891,2410,24,ZBL-SMZ-129
3211,58,9,31.7072,67.8414,2410,24,ZBL-SMZ-131
3212,391,9,31.685,67.9454,2410,24,ZBL-SMZ-132
3213,77,9,31.7272,67.9743,2410,24,ZBL-SMZ-142
3214,152,9,31.6833,67.7193,2410,24,ZBL-SMZ-159
3215,220,9,31.664,67.8563,2410,24,ZBL-SMZ-167
3216,236,9,31.7302,67.874,2410,24,ZBL-SMZ-218
3217,90,9,31.6827,67.8864,2410,24,ZBL-SMZ-226
3218,125,9,31.6517,67.9717,2410,24,ZBL-SMZ-229
3219,201,9,31.5476,67.6672,2410,24,ZBL-SMZ-242
3220,34,9,31.7175,67.873,2410,24,ZBL-SMZ-248
3221,175,9,31.6751,67.817,2410,24,ZBL-SMZ-272
3222,32,9,31.6732,67.8481,2410,24,ZBL-SMZ-276
3223,56,9,31.6411,67.7772,2410,24,ZBL-SMZ-282
3230,202,9,32.00602,67.06922,2405,24,ZBL-SNK-033
3237,94,9,31.9776,67.0469,2405,24,ZBL-SNK-037
3238,196,9,32.0079,67.0113,2405,24,ZBL-SNK-040
3239,138,9,32.0007,67.0688,2405,24,ZBL-SNK-041
3240,78,9,31.9068,67.0064,2405,24,ZBL-SNK-044
3241,305,9,32.0255,67.1099,2405,24,ZBL-SNK-045
3242,139,9,32.0108,67.0845,2405,24,ZBL-SNK-046
3243,129,9,31.8826,66.8353,2405,24,ZBL-SNK-047
3244,184,9,31.8657,66.8753,2405,24,ZBL-SNK-048
3245,103,9,31.9858,67.0518,2405,24,ZBL-SNK-050
3246,151,9,31.897,66.9455,2405,24,ZBL-SNK-051
3247,225,9,31.972,67.0337,2405,24,ZBL-SNK-052
3248,155,9,31.9238,66.8812,2405,24,ZBL-SNK-056
3249,277,9,31.8456,66.8162,2405,24,ZBL-SNK-057
3250,116,9,32.0024,67.0364,2405,24,ZBL-SNK-059
3251,181,9,31.976,67.1195,2405,24,ZBL-SNK-061
3252,268,9,31.9177,66.8978,2405,24,ZBL-SNK-063
3253,384,9,31.973,66.8838,2405,24,ZBL-SNK-065
3254,298,9,32.0173,67.0259,2405,24,ZBL-SNK-068
3255,206,9,32.0228,67.0917,2405,24,ZBL-SNK-069
3256,108,9,31.9305,67.0633,2405,24,ZBL-SNK-072
3257,236,9,31.9932,67.0489,2405,24,ZBL-SNK-073
3258,178,9,31.9674,67.117,2405,24,ZBL-SNK-075
3259,171,9,31.9596,67.1013,2405,24,ZBL-SNK-076
3260,119,9,31.9452,66.9782,2405,24,ZBL-SNK-078
3261,200,9,31.9642,67.1091,2405,24,ZBL-SNK-079
3262,136,9,32.0111,67.0483,2405,24,ZBL-SNK-080
3263,270,9,32.0289,67.0185,2405,24,ZBL-SNK-081
3264,317,9,32.0173,67.0583,2405,24,ZBL-SNK-082
3265,121,9,31.8942,66.9563,2405,24,ZBL-SNK-083
3266,166,9,31.8202,66.8823,2405,24,ZBL-SNK-084
3267,119,9,31.9199,67.0258,2405,24,ZBL-SNK-086
3268,141,9,32.0034,67.0979,2405,24,ZBL-SNK-087
3269,188,9,31.879,66.8133,2405,24,ZBL-SNK-088
3270,124,9,31.9777,66.9987,2405,24,ZBL-SNK-091
3271,342,9,32.0163,67.0901,2405,24,ZBL-SNK-092
3272,158,9,32.0138,67.1124,2405,24,ZBL-SNK-093
3273,86,9,31.9466,67.0635,2405,24,ZBL-SNK-095
3274,220,9,31.856,66.8129,2405,24,ZBL-SNK-096
3275,69,9,31.9085,67.0333,2405,24,ZBL-SNK-097
3276,213,9,31.8048,66.8164,2405,24,ZBL-SNK-098
3277,241,9,31.901,66.9724,2405,24,ZBL-SNK-100
3278,298,9,31.8608,66.7944,2405,24,ZBL-SNK-102
3279,249,9,31.9752,67.042,2405,24,ZBL-SNK-104
3280,238,9,31.9579,66.8888,2405,24,ZBL-SNK-106
3281,145,9,31.921,66.9057,2405,24,ZBL-SNK-108
3282,100,9,31.9357,67.0647,2405,24,ZBL-SNK-109
3283,127,9,31.9289,66.9732,2405,24,ZBL-SNK-112
3284,249,9,31.956,66.9256,2405,24,ZBL-SNK-113
3285,217,9,32.0438,67.0622,2405,24,ZBL-SNK-114
3286,207,9,31.8265,66.7762,2405,24,ZBL-SNK-124
3287,144,9,31.8864,66.9294,2405,24,ZBL-SNK-128
3288,74,2,31.9608,67.107,2405,24,ZBL-SNK-129
3289,158,9,31.9065,66.8745,2405,24,ZBL-SNK-130
3290,141,9,32.0083,67.0818,2405,24,ZBL-SNK-131
3291,233,9,31.9667,67.0642,2405,24,ZBL-SNK-136
3292,254,9,31.9869,67.1197,2405,24,ZBL-SNK-138
3293,228,9,31.954,67.0025,2405,24,ZBL-SNK-139
3294,169,9,31.9351,66.9138,2405,24,ZBL-SNK-143
3295,157,9,31.9262,67.0344,2405,24,ZBL-SNK-144
3296,218,9,31.8747,67.0282,2405,24,ZBL-SNK-150
5743,68,9,32.48241,67.17723,2406,24,ZBL-SHJ-186
5757,285,9,32.4302,67.1343,2401,24,ZBL-QLT-020
5758,144,9,32.4583,67.1458,2401,24,ZBL-QLT-077
5759,47,9,32.4552,67.1633,2406,24,ZBL-SHJ-046
5760,100,9,32.4671,67.1953,2406,24,ZBL-SHJ-041
5761,79,9,32.474,67.1619,2406,24,ZBL-SHJ-127
5762,93,9,32.488,67.2028,2406,24,ZBL-SHJ-159
5763,59,9,32.4743,67.1977,2406,24,ZBL-SHJ-103
5764,100,9,32.4712,67.1883,2406,24,ZBL-SHJ-008
5765,67,9,32.4618,67.177,2406,24,ZBL-SHJ-100
5773,204,9,32.12,67.4733,2411,24,ZBL-NBR-037
5774,110,9,32.0074,67.5115,2411,24,ZBL-NBR-038
5775,60,9,32.0085,67.4544,2411,24,ZBL-NBR-039
5776,93,9,32.0386,67.4472,2411,24,ZBL-NBR-052
5777,203,9,32.0251,67.5016,2411,24,ZBL-NBR-061
5778,500,9,32.0146,67.4462,2411,24,ZBL-NBR-069
5779,179,9,31.9877,67.505,2411,24,ZBL-NBR-071
5780,219,9,32.0037,67.4779,2411,24,ZBL-NBR-072
5781,76,9,31.997,67.5161,2411,24,ZBL-NBR-103
5782,44,9,32.0632,67.4981,2411,24,ZBL-NBR-113
5783,210,9,32.0058,67.4623,2411,24,ZBL-NBR-119
5784,88,9,32.1153,67.466,2405,24,ZBL-SNK-146
5785,226,9,32.0486,67.5518,2411,24,ZBL-NBR-033
5786,122,9,32.1253,67.4755,2411,24,ZBL-NBR-019
5831,227,9,31.818,66.7352,2405,24,ZBL-SNK-103
5832,151,9,31.8307,66.718,2405,24,ZBL-SNK-107
5833,129,9,31.8062,66.7556,2405,24,ZBL-SNK-116
5834,165,9,31.7909,66.7517,2405,24,ZBL-SNK-121
6117,165,9,31.7833,66.9075,2405,24,ZBL-SNK-036
6118,136,9,31.7991,66.9317,2405,24,ZBL-SNK-054
6119,219,9,31.8597,67.1018,2405,24,ZBL-SNK-120
6120,223,9,31.783,66.8997,2405,24,ZBL-SNK-127
6121,118,2,31.8862,67.1093,2405,24,ZBL-SNK-132
6122,81,2,31.8936,67.112,2405,24,ZBL-SNK-133
6888,547,8,33.0515,67.1438,2407,24,ZBL-KAF-070
6889,962,1,33.0015,67.1732,2407,24,ZBL-KAF-071
6890,591,8,33.011,67.0743,2407,24,ZBL-KAF-073
6891,466,1,33.0507,67.1178,2407,24,ZBL-KAF-080
6892,82,1,33.0285,67.0771,2407,24,ZBL-KAF-084
6893,250,2,32.949,67.288,2407,24,ZBL-KAF-112
6894,250,2,32.962,67.2627,2407,24,ZBL-KAF-113
6895,400,2,32.965,67.231,2407,24,ZBL-KAF-114
6896,500,2,32.9655,67.186,2407,24,ZBL-KAF-115
8734,80,2,31.8344,67.1808,2405,24,ZBL-SNK-101
8735,193,2,31.7031,67.2278,2409,24,ZBL-ATR-029
8736,274,2,31.7095,67.2354,2409,24,ZBL-ATR-051
8737,867,2,31.6985,67.2248,2409,24,ZBL-ATR-083
8739,367,2,31.78801,67.45901,2405,24,ZBL-SNK-032
8764,39,9,31.6903,67.5753,2410,24,ZBL-SMZ-088
8765,156,9,31.711,67.5645,2410,24,ZBL-SMZ-110
8766,34,9,31.6981,67.5542,2410,24,ZBL-SMZ-189
8767,226,9,31.6754,67.5561,2410,24,ZBL-SMZ-254
8768,90,9,31.8152,67.3678,2405,24,ZBL-SNK-042
8769,167,2,31.8561,67.2414,2405,24,ZBL-SNK-090
8770,552,2,31.7188,67.3841,2409,24,ZBL-ATR-009
8771,147,2,31.7399,67.3626,2409,24,ZBL-ATR-010
8772,18,2,31.7055,67.5043,2409,24,ZBL-ATR-011
8773,355,2,31.7524,67.4036,2409,24,ZBL-ATR-012
8774,164,2,31.7577,67.5114,2409,24,ZBL-ATR-015
8775,209,9,31.7893,67.3217,2409,24,ZBL-ATR-017
8776,301,2,31.7663,67.4325,2409,24,ZBL-ATR-018
8777,787,2,31.7816,67.3939,2409,24,ZBL-ATR-019
8778,516,2,31.7607,67.3556,2409,24,ZBL-ATR-020
8779,240,2,31.7374,67.4838,2409,24,ZBL-ATR-022
8780,243,2,31.785,67.411,2409,24,ZBL-ATR-023
8781,117,9,31.8023,67.3607,2409,24,ZBL-ATR-025
8782,79,9,31.6716,67.5248,2409,24,ZBL-ATR-026
8783,168,2,31.7496,67.3498,2409,24,ZBL-ATR-028
8784,168,2,31.6921,67.4204,2409,24,ZBL-ATR-030
8785,197,2,31.7536,67.5071,2409,24,ZBL-ATR-031
8786,290,2,31.6836,67.4629,2409,24,ZBL-ATR-033
8787,48,9,31.702,67.5422,2409,24,ZBL-ATR-034
8788,97,9,31.8068,67.3738,2409,24,ZBL-ATR-038
8789,170,2,31.7594,67.4505,2409,24,ZBL-ATR-039
8790,170,2,31.7314,67.3797,2409,24,ZBL-ATR-041
8791,31,2,31.7085,67.5164,2409,24,ZBL-ATR-042
8792,175,2,31.7248,67.4558,2409,24,ZBL-ATR-045
8793,100,2,31.6838,67.4823,2409,24,ZBL-ATR-046
8794,171,9,31.7966,67.3853,2409,24,ZBL-ATR-047
8795,625,2,31.7355,67.5143,2409,24,ZBL-ATR-052
8796,353,2,31.751,67.436,2409,24,ZBL-ATR-054
8797,207,2,31.7714,67.3825,2409,24,ZBL-ATR-056
8798,144,2,31.7639,67.3263,2409,24,ZBL-ATR-060
8799,187,2,31.7528,67.3698,2409,24,ZBL-ATR-061
8800,175,2,31.6865,67.3727,2409,24,ZBL-ATR-008
8801,291,2,31.7155,67.2629,2409,24,ZBL-ATR-013
8802,287,2,31.7539,67.3162,2409,24,ZBL-ATR-014
8803,587,2,31.7173,67.3457,2409,24,ZBL-ATR-016
8804,188,9,31.7406,67.3443,2409,24,ZBL-ATR-021
8805,214,2,31.6953,67.4069,2409,24,ZBL-ATR-024
8806,289,2,31.7481,67.3111,2409,24,ZBL-ATR-032
8807,215,2,31.6967,67.3722,2409,24,ZBL-ATR-035
8809,1393,2,31.6627,67.3694,2409,24,ZBL-ATR-043
8810,757,2,31.7215,67.3379,2409,24,ZBL-ATR-044
8811,210,2,31.74,67.2817,2409,24,ZBL-ATR-048
8812,555,2,31.7294,67.2714,2409,24,ZBL-ATR-049
8813,249,2,31.7353,67.2743,2409,24,ZBL-ATR-050
8814,118,2,31.7097,67.2694,2409,24,ZBL-ATR-053
8815,236,2,31.7464,67.3009,2409,24,ZBL-ATR-055
8816,92,2,31.724,67.2667,2409,24,ZBL-ATR-059
8817,809,2,31.7327,67.3519,2409,24,ZBL-ATR-062
8827,1226,2,31.97399,67.37002,2405,24,ZBL-SNK-034
8839,521,9,31.988,67.4768,2411,24,ZBL-NBR-027
8840,488,9,31.9873,67.4522,2411,24,ZBL-NBR-078
8841,86,2,32.0815,67.3139,2405,24,ZBL-SNK-038
8842,67,2,32.0589,67.3031,2405,24,ZBL-SNK-039
8843,336,2,31.9573,67.3277,2405,24,ZBL-SNK-043
8844,140,2,32.1326,67.3048,2405,24,ZBL-SNK-049
8845,559,2,31.9699,67.3382,2405,24,ZBL-SNK-055
8846,64,2,31.9076,67.1648,2405,24,ZBL-SNK-058
8847,141,9,32.1385,67.4129,2405,24,ZBL-SNK-062
8848,71,2,31.9819,67.3344,2405,24,ZBL-SNK-064
8849,98,2,32.086,67.2278,2405,24,ZBL-SNK-066
8850,237,2,32.0497,67.2449,2405,24,ZBL-SNK-067
8851,295,2,31.9506,67.246,2405,24,ZBL-SNK-070
8852,130,2,32.1353,67.3274,2405,24,ZBL-SNK-071
8853,316,2,31.9448,67.2453,2405,24,ZBL-SNK-074
8854,66,2,32.0415,67.1868,2405,24,ZBL-SNK-085
8855,246,2,32.0481,67.3557,2405,24,ZBL-SNK-089
8856,262,9,32.0316,67.1782,2405,24,ZBL-SNK-094
8857,811,2,31.973,67.2976,2405,24,ZBL-SNK-099
8858,410,2,31.9742,67.418,2405,24,ZBL-SNK-105
8859,127,9,31.9764,67.1359,2405,24,ZBL-SNK-110
8860,242,2,32.1145,67.3746,2405,24,ZBL-SNK-111
8861,78,2,32.0783,67.2249,2405,24,ZBL-SNK-115
8862,420,2,32.1404,67.4045,2405,24,ZBL-SNK-118
8863,896,2,32.1375,67.3437,2405,24,ZBL-SNK-119
8864,1047,2,31.913,67.2231,2405,24,ZBL-SNK-122
8865,1075,2,31.9777,67.312,2405,24,ZBL-SNK-123
8866,625,2,31.9964,67.3793,2405,24,ZBL-SNK-125
8867,895,2,32.1012,67.2431,2405,24,ZBL-SNK-126
8868,1379,2,31.9685,67.3746,2405,24,ZBL-SNK-134
8869,187,2,31.9977,67.36,2405,24,ZBL-SNK-137
8870,128,2,31.9233,67.1496,2405,24,ZBL-SNK-140
8871,167,2,31.9416,67.2716,2405,24,ZBL-SNK-141
8872,107,2,32.0142,67.2814,2405,24,ZBL-SNK-145
8873,65,2,31.9452,67.2094,2405,24,ZBL-SNK-147
8874,412,2,32.027,67.3024,2405,24,ZBL-SNK-149
8875,1347,2,31.9811,67.3338,2405,24,ZBL-SNK-151
8876,750,2,31.9671,67.3741,2405,24,ZBL-SNK-152
8877,250,2,32.232,67.21,2401,24,ZBL-QLT-099
8878,400,2,32.2,67.216,2401,24,ZBL-QLT-101
8879,167,2,32.2207,67.2882,2401,24,ZBL-QLT-049
8880,200,2,32.24,67.247,2401,24,ZBL-QLT-102
8881,230,2,32.221,67.241,2401,24,ZBL-QLT-100
8882,581,2,32.2012,67.3698,2406,24,ZBL-SHJ-102
8883,55,2,32.2089,67.3761,2406,24,ZBL-SHJ-166
8884,498,2,32.212,67.3056,2406,24,ZBL-SHJ-164
8885,188,2,32.2053,67.299,2406,24,ZBL-SHJ-086
8886,530,2,32.2203,67.3286,2406,24,ZBL-SHJ-167
8909,28,2,31.99531,67.83703,2410,24,ZBL-SMZ-052
8910,164,2,31.93616,67.72853,2410,24,ZBL-SMZ-053
8912,34,2,31.8162,67.80327,2410,24,ZBL-SMZ-055
8916,29,2,31.98432,67.82423,2410,24,ZBL-SMZ-060
8917,158,2,31.89794,67.61826,2410,24,ZBL-SMZ-061
8919,50,2,31.99155,67.90011,2410,24,ZBL-SMZ-064
8920,108,2,31.90522,67.64754,2410,24,ZBL-SMZ-065
8927,146,9,32.0287,67.5702,2411,24,ZBL-NBR-032
8928,78,9,31.9585,67.515,2411,24,ZBL-NBR-035
8929,221,2,32.0219,67.5874,2411,24,ZBL-NBR-044
8930,50,9,31.9679,67.5389,2411,24,ZBL-NBR-070
8931,114,9,31.9736,67.5338,2411,24,ZBL-NBR-087
8932,125,2,31.9697,67.5918,2410,24,ZBL-SMZ-073
8933,273,2,31.9292,67.7587,2410,24,ZBL-SMZ-074
8934,207,2,31.7988,67.947,2410,24,ZBL-SMZ-076
8935,167,2,31.7875,67.8672,2410,24,ZBL-SMZ-077
8936,57,2,31.857,67.6255,2410,24,ZBL-SMZ-078
8937,55,2,31.8941,67.5693,2410,24,ZBL-SMZ-079
8938,145,2,31.7788,67.7826,2410,24,ZBL-SMZ-080
8939,48,2,31.9185,67.6882,2410,24,ZBL-SMZ-082
8940,117,2,31.9055,67.7261,2410,24,ZBL-SMZ-083
8941,74,2,31.8358,67.6628,2410,24,ZBL-SMZ-085
8942,140,2,31.924,67.6267,2410,24,ZBL-SMZ-087
8943,242,2,32.0546,67.7137,2410,24,ZBL-SMZ-089
8944,81,2,31.8138,67.6525,2410,24,ZBL-SMZ-090
8945,59,2,32.0291,67.8857,2410,24,ZBL-SMZ-092
8946,200,2,31.9431,67.9185,2410,24,ZBL-SMZ-095
8947,139,2,31.8977,67.7768,2410,24,ZBL-SMZ-096
8948,28,2,31.9868,67.7344,2410,24,ZBL-SMZ-098
8949,170,2,31.9822,67.7066,2410,24,ZBL-SMZ-100
8950,123,2,31.8759,67.679,2410,24,ZBL-SMZ-102
8951,38,2,31.9459,67.842,2410,24,ZBL-SMZ-103
8952,134,2,31.8852,67.6026,2410,24,ZBL-SMZ-104
8953,47,2,32.0488,67.6385,2410,24,ZBL-SMZ-109
8954,13,2,31.7466,67.5639,2410,24,ZBL-SMZ-111
8955,56,2,31.9032,67.5665,2410,24,ZBL-SMZ-112
8956,242,2,31.814,67.6349,2410,24,ZBL-SMZ-118
8957,39,2,31.9875,67.8934,2410,24,ZBL-SMZ-119
8958,55,2,31.9053,67.8166,2410,24,ZBL-SMZ-120
8959,105,2,31.9624,67.8227,2410,24,ZBL-SMZ-122
8960,27,2,31.9823,67.9156,2410,24,ZBL-SMZ-123
8961,143,2,31.8824,67.5665,2410,24,ZBL-SMZ-124
8962,263,2,31.8758,67.7751,2410,24,ZBL-SMZ-125
8963,50,2,31.8096,67.9064,2410,24,ZBL-SMZ-126
8964,208,2,31.97,67.8159,2410,24,ZBL-SMZ-130
8965,61,2,31.8788,67.8322,2410,24,ZBL-SMZ-134
8966,27,2,31.8202,67.72,2410,24,ZBL-SMZ-135
8967,149,2,31.8938,67.9016,2410,24,ZBL-SMZ-138
8968,112,2,31.999,67.6799,2410,24,ZBL-SMZ-141
8969,144,2,31.7247,67.5761,2410,24,ZBL-SMZ-143
8970,78,2,31.7868,67.5642,2410,24,ZBL-SMZ-144
8971,205,2,32.0387,67.628,2410,24,ZBL-SMZ-145
8972,87,2,31.9086,67.7117,2410,24,ZBL-SMZ-146
8973,23,2,31.8638,67.6404,2410,24,ZBL-SMZ-148
8974,129,2,31.8916,67.6839,2410,24,ZBL-SMZ-149
8975,95,2,31.948,67.8711,2410,24,ZBL-SMZ-150
8976,22,2,31.7204,67.6096,2410,24,ZBL-SMZ-151
8977,95,2,31.7134,67.5825,2410,24,ZBL-SMZ-152
8978,88,2,31.9314,67.6679,2410,24,ZBL-SMZ-153
8979,63,2,31.9187,67.7864,2410,24,ZBL-SMZ-155
8980,200,2,31.8404,67.5809,2410,24,ZBL-SMZ-156
8981,139,2,32.0441,67.6241,2410,24,ZBL-SMZ-161
8982,24,2,31.9758,67.8756,2410,24,ZBL-SMZ-162
8983,154,2,31.9662,67.8588,2410,24,ZBL-SMZ-164
8984,20,2,31.7313,67.5926,2410,24,ZBL-SMZ-165
8985,172,2,31.7774,67.7125,2410,24,ZBL-SMZ-166
8986,90,2,31.868,67.6672,2410,24,ZBL-SMZ-168
8987,34,2,31.7003,67.6922,2410,24,ZBL-SMZ-169
8988,65,2,31.7193,67.5878,2410,24,ZBL-SMZ-170
8989,106,2,31.9459,67.8492,2410,24,ZBL-SMZ-171
8990,61,2,31.9748,67.6674,2410,24,ZBL-SMZ-172
8991,52,2,31.9107,67.9055,2410,24,ZBL-SMZ-174
8992,58,2,32.0078,67.7078,2410,24,ZBL-SMZ-175
8993,124,2,31.9301,67.8079,2410,24,ZBL-SMZ-176
8994,49,2,31.9143,67.8282,2410,24,ZBL-SMZ-178
8995,27,2,31.7686,67.6264,2410,24,ZBL-SMZ-179
8996,54,2,31.9796,67.9218,2410,24,ZBL-SMZ-180
8997,99,2,31.8341,67.6303,2410,24,ZBL-SMZ-181
8998,116,2,32.0134,67.6358,2410,24,ZBL-SMZ-182
8999,35,2,31.7976,67.6808,2410,24,ZBL-SMZ-183
9000,434,2,32.0058,67.6534,2410,24,ZBL-SMZ-184
9001,161,2,31.9414,67.7983,2410,24,ZBL-SMZ-185
9002,82,2,31.8109,67.9662,2410,24,ZBL-SMZ-186
9003,56,2,31.7441,67.5548,2410,24,ZBL-SMZ-188
9004,167,2,32.0464,67.8814,2410,24,ZBL-SMZ-190
9005,70,2,31.9962,67.6945,2410,24,ZBL-SMZ-191
9007,58,2,31.8711,67.8158,2410,24,ZBL-SMZ-193
9008,206,2,31.7991,67.8845,2410,24,ZBL-SMZ-194
9009,72,2,31.8897,67.9164,2410,24,ZBL-SMZ-195
9010,26,2,31.8114,67.5993,2410,24,ZBL-SMZ-196
9011,208,2,31.935,67.9546,2410,24,ZBL-SMZ-197
9012,35,2,31.9606,67.9748,2410,24,ZBL-SMZ-199
9013,110,2,31.927,67.6626,2410,24,ZBL-SMZ-200
9014,189,2,32.0032,67.8287,2410,24,ZBL-SMZ-201
9015,116,2,31.809,67.5742,2410,24,ZBL-SMZ-202
9016,41,2,31.8131,67.8186,2410,24,ZBL-SMZ-203
9017,167,2,31.7399,67.591,2410,24,ZBL-SMZ-204
9018,66,2,32.027,67.6356,2410,24,ZBL-SMZ-205
9019,78,2,31.7708,67.6989,2410,24,ZBL-SMZ-206
9020,40,2,31.8962,67.8304,2410,24,ZBL-SMZ-207
9021,268,2,32.0687,67.8475,2410,24,ZBL-SMZ-208
9022,248,2,32.005,67.7674,2410,24,ZBL-SMZ-209
9023,61,2,31.9004,67.7169,2410,24,ZBL-SMZ-210
9024,123,2,31.8407,67.9022,2410,24,ZBL-SMZ-211
9025,110,2,32.0398,67.7415,2410,24,ZBL-SMZ-213
9026,58,2,31.9102,67.772,2410,24,ZBL-SMZ-214
9027,40,2,31.9043,67.6992,2410,24,ZBL-SMZ-215
9028,120,2,31.8067,67.777,2410,24,ZBL-SMZ-216
9029,116,2,31.9011,67.9318,2410,24,ZBL-SMZ-220
9030,163,2,31.9646,67.6136,2410,24,ZBL-SMZ-224
9031,62,2,31.9714,67.888,2410,24,ZBL-SMZ-225
9032,237,2,31.9484,67.7073,2410,24,ZBL-SMZ-227
9033,25,2,31.8455,67.5672,2410,24,ZBL-SMZ-228
9034,110,2,31.9584,67.649,2410,24,ZBL-SMZ-230
9035,132,2,31.9307,67.6782,2410,24,ZBL-SMZ-232
9036,320,2,31.9457,67.7714,2410,24,ZBL-SMZ-234
9037,35,2,31.8883,67.8539,2410,24,ZBL-SMZ-235
9038,178,9,31.9318,67.9811,2410,24,ZBL-SMZ-236
9039,31,2,31.7381,67.561,2410,24,ZBL-SMZ-237
9040,53,2,31.9673,67.9566,2410,24,ZBL-SMZ-239
9041,115,2,31.7514,67.6363,2410,24,ZBL-SMZ-240
9042,277,2,31.7417,67.6213,2410,24,ZBL-SMZ-241
9043,378,2,32.0143,67.7402,2410,24,ZBL-SMZ-243
9044,460,2,31.9149,67.6442,2410,24,ZBL-SMZ-245
9045,89,2,32.0131,67.6514,2410,24,ZBL-SMZ-247
9046,186,2,31.8616,67.6114,2410,24,ZBL-SMZ-250
9047,58,2,32.0009,67.743,2410,24,ZBL-SMZ-251
9048,40,2,31.8025,67.7376,2410,24,ZBL-SMZ-252
9049,338,2,31.8035,67.5875,2410,24,ZBL-SMZ-253
9050,57,2,32.0082,67.8436,2410,24,ZBL-SMZ-256
9051,359,2,32.0287,67.8296,2410,24,ZBL-SMZ-257
9052,188,2,31.8609,67.8376,2410,24,ZBL-SMZ-258
9053,55,2,32.0351,67.8303,2410,24,ZBL-SMZ-259
9054,32,2,32.0167,67.8751,2410,24,ZBL-SMZ-261
9055,110,2,32.0553,67.6716,2410,24,ZBL-SMZ-263
9056,29,2,31.8256,67.5695,2410,24,ZBL-SMZ-265
9057,46,2,32.0029,67.7216,2410,24,ZBL-SMZ-266
9058,18,2,31.8566,67.7751,2410,24,ZBL-SMZ-269
9059,63,2,31.9888,67.7205,2410,24,ZBL-SMZ-270
9060,125,2,31.7347,67.6093,2410,24,ZBL-SMZ-271
9061,141,2,31.9142,67.9495,2410,24,ZBL-SMZ-273
9062,68,2,31.8531,67.5955,2410,24,ZBL-SMZ-274
9063,54,2,31.9697,67.6222,2410,24,ZBL-SMZ-277
9064,30,2,31.7755,67.7459,2410,24,ZBL-SMZ-278
9065,250,2,31.8561,67.7605,2410,24,ZBL-SMZ-280
9066,1490,2,31.9103,67.6442,2410,24,ZBL-SMZ-283
9067,94,2,31.9155,67.5179,2405,24,ZBL-SNK-053
9068,365,2,31.8396,67.5339,2405,24,ZBL-SNK-077
9069,79,2,31.8818,67.5304,2405,24,ZBL-SNK-117
9070,226,2,31.9149,67.5249,2405,24,ZBL-SNK-135
9071,51,2,31.9108,67.5118,2405,24,ZBL-SNK-142
9072,64,2,31.9202,67.5369,2405,24,ZBL-SNK-148
9073,75,2,31.7667,67.5536,2409,24,ZBL-ATR-058
9245,56,2,31.87012,66.36918,2404,24,ZBL-TWJ-181
9249,239,2,31.73152,66.26586,2404,24,ZBL-TWJ-178
9253,63,2,31.7628,66.27924,2404,24,ZBL-TWJ-164
9255,115,2,31.75931,66.38219,2404,24,ZBL-TWJ-159
9260,61,2,31.77449,66.27005,2404,24,ZBL-TWJ-143
9263,30,2,31.81146,66.52174,2404,24,ZBL-TWJ-180
9264,207,2,31.86295,66.51835,2404,24,ZBL-TWJ-160
9265,170,2,31.74483,66.2686,2404,24,ZBL-TWJ-173
9267,27,2,31.86318,66.34345,2404,24,ZBL-TWJ-142
9268,50,2,31.77263,66.26008,2404,24,ZBL-TWJ-179
9295,400,2,31.8012,66.3223,2404,24,ZBL-TWJ-141
9296,60,2,31.8208,66.3252,2404,24,ZBL-TWJ-123
9297,46,2,31.8825,66.6152,2404,24,ZBL-TWJ-032
9298,144,2,31.8531,66.4084,2404,24,ZBL-TWJ-035
9299,353,2,31.8511,66.4659,2404,24,ZBL-TWJ-111
9300,724,2,31.8724,66.2971,2404,24,ZBL-TWJ-028
9301,393,2,31.8012,66.3228,2404,24,ZBL-TWJ-112
9302,103,2,31.827,66.3488,2404,24,ZBL-TWJ-115
9303,47,2,31.8106,66.3971,2404,24,ZBL-TWJ-024
9304,38,2,31.7781,66.2953,2404,24,ZBL-TWJ-091
9305,204,2,31.7689,66.2415,2404,24,ZBL-TWJ-098
9306,112,2,31.8632,66.5321,2404,24,ZBL-TWJ-033
9307,61,2,31.7747,66.3799,2404,24,ZBL-TWJ-130
9308,34,2,31.821,66.5394,2404,24,ZBL-TWJ-133
9309,131,2,31.799,66.2831,2404,24,ZBL-TWJ-086
9310,41,9,31.8805,66.3903,2404,24,ZBL-TWJ-037
9311,34,2,31.778,66.2621,2404,24,ZBL-TWJ-013
9312,46,2,31.8455,66.3913,2404,24,ZBL-TWJ-044
9313,57,2,31.8932,66.4947,2404,24,ZBL-TWJ-127
9314,44,2,31.8752,66.4201,2404,24,ZBL-TWJ-036
9315,154,2,31.8851,66.4632,2404,24,ZBL-TWJ-121
9316,287,2,31.9269,66.5135,2404,24,ZBL-TWJ-122
9317,96,2,31.8857,66.495,2404,24,ZBL-TWJ-034
9318,100,2,31.8129,66.3353,2404,24,ZBL-TWJ-042
9319,334,2,31.8346,66.3381,2404,24,ZBL-TWJ-093
9320,40,2,31.8951,66.3973,2404,24,ZBL-TWJ-089
9321,162,2,31.9041,66.4765,2404,24,ZBL-TWJ-100
9322,23,2,31.8815,66.5151,2404,24,ZBL-TWJ-138
9323,206,2,31.9029,66.5123,2404,24,ZBL-TWJ-046
9324,15,2,31.812,66.4109,2404,24,ZBL-TWJ-105
9325,74,2,31.8407,66.3769,2404,24,ZBL-TWJ-073
9326,42,2,31.7777,66.4737,2404,24,ZBL-TWJ-079
9327,246,2,31.8648,66.4604,2404,24,ZBL-TWJ-120
9328,105,2,31.8415,66.3515,2404,24,ZBL-TWJ-099
9329,82,2,31.7583,66.281,2404,24,ZBL-TWJ-016
9330,115,2,31.8243,66.3741,2404,24,ZBL-TWJ-066
9331,57,2,31.7949,66.2869,2404,24,ZBL-TWJ-103
9332,111,2,31.8767,66.4012,2404,24,ZBL-TWJ-136
9333,59,2,31.8688,66.6197,2404,24,ZBL-TWJ-039
9334,116,2,31.8269,66.4127,2404,24,ZBL-TWJ-050
9335,178,2,31.894,66.5122,2404,24,ZBL-TWJ-062
9336,106,2,31.8785,66.3791,2404,24,ZBL-TWJ-076
9337,249,2,31.7801,66.3493,2404,24,ZBL-TWJ-081
9338,38,2,31.8056,66.4852,2404,24,ZBL-TWJ-002
9339,133,2,31.8156,66.4205,2404,24,ZBL-TWJ-092
9340,88,2,31.9051,66.5512,2404,24,ZBL-TWJ-023
9341,156,2,31.8972,66.5452,2404,24,ZBL-TWJ-078
9342,135,2,31.8676,66.3419,2404,24,ZBL-TWJ-058
9343,61,2,31.8915,66.4233,2404,24,ZBL-TWJ-043
9344,173,2,31.8239,66.3431,2404,24,ZBL-TWJ-019
9345,20,2,31.8966,66.5769,2404,24,ZBL-TWJ-040
9346,60,2,31.8935,66.4041,2404,24,ZBL-TWJ-003
9347,729,2,31.792,66.3137,2404,24,ZBL-TWJ-109
9348,122,2,31.9111,66.4954,2404,24,ZBL-TWJ-128
9349,144,2,31.8927,66.5174,2404,24,ZBL-TWJ-038
9350,39,2,31.7693,66.293,2404,24,ZBL-TWJ-061
9351,151,2,31.7881,66.2642,2404,24,ZBL-TWJ-053
9352,94,2,31.8248,66.4012,2404,24,ZBL-TWJ-108
9353,32,2,31.9041,66.5714,2404,24,ZBL-TWJ-087
9354,74,2,31.9045,66.4139,2404,24,ZBL-TWJ-137
9355,86,2,31.7854,66.3432,2404,24,ZBL-TWJ-124
9356,39,2,31.876,66.4575,2404,24,ZBL-TWJ-113
9357,183,2,31.7812,66.2727,2404,24,ZBL-TWJ-068
9358,53,2,31.8717,66.5355,2404,24,ZBL-TWJ-004
9359,41,2,31.8269,66.3586,2404,24,ZBL-TWJ-063
9360,25,2,31.8348,66.3763,2404,24,ZBL-TWJ-031
9361,27,2,31.9114,66.551,2404,24,ZBL-TWJ-006
9362,138,2,31.8309,66.3032,2404,24,ZBL-TWJ-072
9363,24,2,31.7439,66.3418,2404,24,ZBL-TWJ-007
9364,100,2,31.8333,66.3667,2404,24,ZBL-TWJ-140
9365,154,2,31.8421,66.3599,2404,24,ZBL-TWJ-139
9366,74,2,31.8748,66.3581,2404,24,ZBL-TWJ-106
9367,45,2,31.797,66.3652,2404,24,ZBL-TWJ-097
9368,103,2,31.8484,66.4019,2404,24,ZBL-TWJ-052
9369,21,2,31.809,66.3487,2404,24,ZBL-TWJ-015
9370,251,2,31.8108,66.427,2404,24,ZBL-TWJ-075
9371,60,2,31.837,66.4004,2404,24,ZBL-TWJ-104
9372,103,2,31.7867,66.5135,2404,24,ZBL-TWJ-101
9373,143,2,31.8324,66.371,2404,24,ZBL-TWJ-082
9374,62,2,31.7767,66.3001,2404,24,ZBL-TWJ-011
9375,71,2,31.849,66.3891,2404,24,ZBL-TWJ-056
9376,43,2,31.7286,66.3042,2404,24,ZBL-TWJ-014
9377,78,2,31.807,66.534,2404,24,ZBL-TWJ-049
9378,66,2,31.8238,66.4377,2404,24,ZBL-TWJ-009
9385,172,2,32.49256,67.48164,2406,24,ZBL-SHJ-177
9387,63,2,32.54648,67.52434,2406,24,ZBL-SHJ-202
9389,27,2,32.31454,67.22254,2401,24,ZBL-QLT-154
9390,307,2,32.52123,67.42596,2406,24,ZBL-SHJ-190
9392,227,2,32.47122,67.39414,2406,24,ZBL-SHJ-201
9393,200,2,32.52703,67.27318,2406,24,ZBL-SHJ-178
9397,558,2,32.63031,67.42859,2406,24,ZBL-SHJ-207
9400,157,2,32.58736,67.30968,2406,24,ZBL-SHJ-189
9402,32,2,32.3849,67.30127,2406,24,ZBL-SHJ-188
9408,537,2,32.51435,67.53138,2406,24,ZBL-SHJ-200
9409,280,2,32.41748,67.51941,2406,24,ZBL-SHJ-181
9413,103,2,32.479,67.603,2411,24,ZBL-NBR-022
9414,62,2,32.4004,67.5653,2411,24,ZBL-NBR-031
9415,123,2,32.4749,67.6113,2411,24,ZBL-NBR-045
9416,179,2,32.4432,67.6174,2411,24,ZBL-NBR-048
9417,186,2,32.4542,67.6056,2411,24,ZBL-NBR-068
9418,125,2,32.4237,67.5987,2411,24,ZBL-NBR-082
9419,157,1,32.4367,67.5581,2411,24,ZBL-NBR-096
9420,168,2,32.4234,67.5661,2411,24,ZBL-NBR-118
9422,319,2,32.4563,67.6475,2411,24,ZBL-NBR-123
9423,111,2,32.7474,67.3886,2406,24,ZBL-SHJ-169
9424,153,2,32.7461,67.3414,2406,24,ZBL-SHJ-007
9425,74,2,32.7296,67.3361,2406,24,ZBL-SHJ-042
9426,149,2,32.736,67.3118,2406,24,ZBL-SHJ-055
9427,328,2,32.7364,67.3837,2406,24,ZBL-SHJ-038
9428,204,2,32.7475,67.372,2406,24,ZBL-SHJ-098
9429,737,2,32.7464,67.3562,2406,24,ZBL-SHJ-026
9430,645,2,32.7219,67.4315,2406,24,ZBL-SHJ-069
9431,812,2,32.7555,67.3885,2406,24,ZBL-SHJ-109
9432,73,2,32.7657,67.3572,2406,24,ZBL-SHJ-157
9433,151,2,32.652,67.3721,2406,24,ZBL-SHJ-010
9434,280,2,32.7478,67.3454,2406,24,ZBL-SHJ-087
9435,288,2,32.6764,67.3804,2406,24,ZBL-SHJ-116
9436,696,9,32.6976,67.3063,2406,24,ZBL-SHJ-173
9437,60,2,32.6457,67.3137,2402,24,ZBL-AG2-118
9438,287,2,32.648,67.3348,2402,24,ZBL-AG2-120
9439,95,9,32.659,67.2834,2402,24,ZBL-AG2-121
9440,555,2,32.6255,67.2913,2402,24,ZBL-AG2-122
9441,146,9,32.5636,67.2457,2402,24,ZBL-AG2-123
9442,62,9,32.6541,67.2883,2402,24,ZBL-AG2-124
9443,282,2,32.5707,67.5356,2406,24,ZBL-SHJ-023
9444,151,2,32.5709,67.5186,2406,24,ZBL-SHJ-145
9445,259,2,32.5135,67.4622,2406,24,ZBL-SHJ-059
9446,806,2,32.5892,67.5364,2406,24,ZBL-SHJ-171
9447,1057,2,32.5421,67.4977,2406,24,ZBL-SHJ-079
9448,261,2,32.4582,67.4348,2406,24,ZBL-SHJ-092
9449,163,2,32.5821,67.551,2406,24,ZBL-SHJ-082
9450,181,2,32.349,67.3363,2406,24,ZBL-SHJ-091
9451,269,2,32.5191,67.4698,2406,24,ZBL-SHJ-168
9452,26,2,32.4749,67.4543,2406,24,ZBL-SHJ-143
9453,72,2,32.303,67.2096,2401,24,ZBL-QLT-028
9454,154,2,32.3273,67.2218,2401,24,ZBL-QLT-085
9455,319,2,32.328,67.2405,2401,24,ZBL-QLT-056
9456,443,2,32.5984,67.5138,2406,24,ZBL-SHJ-118
9457,505,2,32.4931,67.3948,2406,24,ZBL-SHJ-080
9458,129,2,32.4896,67.39,2406,24,ZBL-SHJ-021
9459,140,2,32.6057,67.5208,2406,24,ZBL-SHJ-012
9460,176,2,32.5957,67.5239,2406,24,ZBL-SHJ-135
9461,262,2,32.6299,67.4162,2406,24,ZBL-SHJ-004
9462,49,2,32.5471,67.455,2406,24,ZBL-SHJ-049
9463,239,2,32.5546,67.3901,2406,24,ZBL-SHJ-063
9464,164,2,32.5875,67.412,2406,24,ZBL-SHJ-027
9465,271,2,32.4454,67.2849,2406,24,ZBL-SHJ-011
9466,921,2,32.502,67.4451,2406,24,ZBL-SHJ-096
9467,1889,2,32.5036,67.4213,2406,24,ZBL-SHJ-060
9468,106,2,32.5383,67.449,2406,24,ZBL-SHJ-170
9469,253,2,32.567,67.4799,2406,24,ZBL-SHJ-152
9470,224,2,32.6003,67.4158,2406,24,ZBL-SHJ-163
9471,250,2,32.4658,67.4077,2406,24,ZBL-SHJ-161
9472,358,2,32.6231,67.4136,2406,24,ZBL-SHJ-070
9473,268,2,32.5603,67.4089,2406,24,ZBL-SHJ-154
9474,348,2,32.4836,67.3781,2406,24,ZBL-SHJ-107
9475,420,2,32.5217,67.4101,2406,24,ZBL-SHJ-085
9476,187,2,32.594,67.4486,2406,24,ZBL-SHJ-114
9477,416,2,32.6137,67.4202,2406,24,ZBL-SHJ-068
9478,373,2,32.5886,67.5166,2406,24,ZBL-SHJ-028
9479,225,2,32.5269,67.436,2406,24,ZBL-SHJ-089
9480,193,2,32.585,67.4338,2406,24,ZBL-SHJ-140
9481,201,2,32.5621,67.4833,2406,24,ZBL-SHJ-172
9482,267,2,32.4544,67.2888,2406,24,ZBL-SHJ-073
9483,233,2,32.5751,67.4084,2406,24,ZBL-SHJ-106
9484,192,2,32.4519,67.3871,2406,24,ZBL-SHJ-016
9485,464,2,32.5727,67.487,2406,24,ZBL-SHJ-067
9486,272,2,32.5874,67.4945,2406,24,ZBL-SHJ-066
9487,146,2,32.4737,67.4087,2406,24,ZBL-SHJ-129
9488,696,2,32.5075,67.4085,2406,24,ZBL-SHJ-065
9489,227,2,32.4711,67.3808,2406,24,ZBL-SHJ-101
9490,831,2,32.6054,67.4428,2406,24,ZBL-SHJ-108
9491,93,2,32.6055,67.3566,2406,24,ZBL-SHJ-077
9492,278,2,32.3839,67.2939,2406,24,ZBL-SHJ-125
9493,209,2,32.3432,67.2836,2406,24,ZBL-SHJ-104
9494,641,2,32.6222,67.4756,2406,24,ZBL-SHJ-150
9495,91,2,32.5793,67.4895,2406,24,ZBL-SHJ-062
9496,225,2,32.4121,67.2542,2406,24,ZBL-SHJ-124
9497,95,2,32.5543,67.4154,2406,24,ZBL-SHJ-165
9498,3163,2,32.507,67.4287,2406,24,ZBL-SHJ-133
9499,1168,2,32.5275,67.4525,2406,24,ZBL-SHJ-045
9500,253,2,32.4443,67.3011,2406,24,ZBL-SHJ-020
9501,759,2,32.5668,67.4318,2406,24,ZBL-SHJ-081
9502,355,2,32.5413,67.456,2406,24,ZBL-SHJ-095
9503,2224,2,32.5207,67.4103,2406,24,ZBL-SHJ-115
9504,458,2,32.5807,67.5089,2406,24,ZBL-SHJ-117
9505,534,2,32.4507,67.3279,2406,24,ZBL-SHJ-052
9506,149,2,32.5105,67.4503,2406,24,ZBL-SHJ-121
9507,1056,2,32.5217,67.4361,2406,24,ZBL-SHJ-105
9508,485,2,32.4691,67.4103,2406,24,ZBL-SHJ-057
9509,141,2,32.5183,67.4557,2406,24,ZBL-SHJ-162
9510,81,2,32.439,67.3007,2406,24,ZBL-SHJ-019
9511,72,2,32.5517,67.4613,2406,24,ZBL-SHJ-018
9512,312,2,32.5695,67.4774,2406,24,ZBL-SHJ-138
9513,201,2,32.5662,67.4381,2406,24,ZBL-SHJ-034
9514,1276,2,32.4978,67.4024,2406,24,ZBL-SHJ-128
9515,278,2,32.5966,67.4072,2406,24,ZBL-SHJ-112
9516,857,2,32.6042,67.41,2406,24,ZBL-SHJ-033
9517,356,2,32.5887,67.4193,2406,24,ZBL-SHJ-050
9518,159,2,32.5691,67.4169,2406,24,ZBL-SHJ-056
9519,3576,2,32.5216,67.4156,2406,24,ZBL-SHJ-174
9520,1429,2,32.4779,67.3747,2406,24,ZBL-SHJ-141
9521,172,2,32.5984,67.4319,2406,24,ZBL-SHJ-130
9522,153,2,32.456,67.3915,2406,24,ZBL-SHJ-160
9523,672,2,32.525,67.4212,2406,24,ZBL-SHJ-090
9524,211,2,32.4877,67.3827,2406,24,ZBL-SHJ-136
9525,145,2,32.6018,67.4925,2406,24,ZBL-SHJ-071
9526,189,2,32.5932,67.5037,2406,24,ZBL-SHJ-149
9527,304,2,32.5135,67.4291,2406,24,ZBL-SHJ-005
9528,445,2,32.564,67.4033,2406,24,ZBL-SHJ-024
9529,491,2,32.634,67.4637,2406,24,ZBL-SHJ-139
9530,186,2,32.5794,67.3078,2406,24,ZBL-SHJ-144
9531,200,2,32.3605,67.2703,2406,24,ZBL-SHJ-048
9532,540,2,32.3282,67.3033,2406,24,ZBL-SHJ-058
9533,100,2,32.636,67.3972,2406,24,ZBL-SHJ-142
9534,92,2,32.5932,67.3277,2406,24,ZBL-SHJ-113
9535,56,2,32.5876,67.3241,2406,24,ZBL-SHJ-119
9536,151,2,32.5237,67.2673,2406,24,ZBL-SHJ-131
9537,732,2,32.6365,67.4788,2406,24,ZBL-SHJ-032
9538,226,2,32.3759,67.2777,2406,24,ZBL-SHJ-061
9539,421,9,32.4821,67.2279,2406,24,ZBL-SHJ-134
9540,45,2,32.3661,67.299,2406,24,ZBL-SHJ-064
9541,87,2,32.5527,67.2959,2406,24,ZBL-SHJ-111
9542,158,2,32.4884,67.2312,2406,24,ZBL-SHJ-035
9543,613,2,32.3525,67.255,2406,24,ZBL-SHJ-153
9544,172,2,32.5982,67.3504,2406,24,ZBL-SHJ-029
9545,237,2,32.552,67.2863,2406,24,ZBL-SHJ-036
9546,307,2,32.5525,67.2673,2402,24,ZBL-AG2-119
9547,165,9,32.6586,67.294,2402,24,ZBL-AG2-125
9548,66,9,32.6552,67.272,2402,24,ZBL-AG2-126
9549,281,2,32.408,67.4539,2406,24,ZBL-SHJ-039
9550,57,2,32.38,67.4563,2406,24,ZBL-SHJ-017
9551,636,2,32.3621,67.381,2406,24,ZBL-SHJ-099
9552,472,2,32.3366,67.3574,2406,24,ZBL-SHJ-137
9553,182,2,32.3487,67.3727,2406,24,ZBL-SHJ-093
9554,54,2,32.4138,67.5411,2406,24,ZBL-SHJ-083
9555,476,2,32.2589,67.3624,2406,24,ZBL-SHJ-037
9556,354,2,32.4651,67.5321,2406,24,ZBL-SHJ-076
9557,328,2,32.3146,67.4082,2406,24,ZBL-SHJ-044
9558,138,2,32.4113,67.529,2406,24,ZBL-SHJ-132
9559,207,2,32.4747,67.5416,2406,24,ZBL-SHJ-075
9560,100,2,32.359,67.447,2406,24,ZBL-SHJ-176
9561,385,2,32.4432,67.4702,2406,24,ZBL-SHJ-155
9562,169,2,32.3395,67.42,2406,24,ZBL-SHJ-120
9563,131,2,32.5353,67.6023,2406,24,ZBL-SHJ-013
9564,33,2,32.4002,67.5217,2406,24,ZBL-SHJ-006
9565,397,2,32.3915,67.4286,2406,24,ZBL-SHJ-088
9566,164,2,32.4116,67.4972,2406,24,ZBL-SHJ-030
9567,121,2,32.354,67.431,2406,24,ZBL-SHJ-014
9568,388,2,32.2814,67.3399,2406,24,ZBL-SHJ-051
9569,45,2,32.3871,67.5167,2406,24,ZBL-SHJ-156
9570,391,2,32.3806,67.4289,2406,24,ZBL-SHJ-043
9571,50,2,32.4056,67.5404,2406,24,ZBL-SHJ-072
9572,721,2,32.3756,67.3857,2406,24,ZBL-SHJ-110
9573,340,2,32.2833,67.377,2406,24,ZBL-SHJ-097
9574,40,2,32.3978,67.5069,2406,24,ZBL-SHJ-146
9575,290,2,32.3987,67.4723,2406,24,ZBL-SHJ-040
9576,292,2,32.4565,67.5244,2406,24,ZBL-SHJ-074
9577,121,2,32.5323,67.5899,2406,24,ZBL-SHJ-151
9578,97,2,32.4343,67.4267,2406,24,ZBL-SHJ-054
9579,691,2,32.5166,67.5438,2406,24,ZBL-SHJ-078
9649,50,2,32.3769,67.0369,2401,24,ZBL-QLT-098
9650,739,2,32.3075,67.2003,2401,24,ZBL-QLT-071
9651,437,2,32.2938,67.1793,2401,24,ZBL-QLT-066
9652,516,2,32.2828,67.1481,2401,24,ZBL-QLT-089
9653,153,2,32.2975,67.1909,2401,24,ZBL-QLT-007
9654,225,2,32.3603,66.945,2402,24,ZBL-AG2-142
9655,1192,2,32.5552,67.0375,2402,24,ZBL-AG2-127
9656,400,2,32.5548,67.0397,2402,24,ZBL-AG2-128
9657,100,2,32.4319,66.9417,2402,24,ZBL-AG2-129
9658,75,2,32.4462,66.9551,2402,24,ZBL-AG2-131
9659,1200,2,32.4414,66.9264,2402,24,ZBL-AG2-132
9660,750,2,32.5014,66.9472,2402,24,ZBL-AG2-137
9661,150,2,32.5206,66.9786,2402,24,ZBL-AG2-138
9662,300,2,32.5656,67.0206,2402,24,ZBL-AG2-139
9663,225,2,32.63,67.0422,2402,24,ZBL-AG2-140
9664,500,2,32.6042,67.0714,2402,24,ZBL-AG2-141
9726,250,2,32.705,67.157,2402,24,ZBL-AG2-143
9727,500,2,32.6977,67.1491,2402,24,ZBL-AG2-144
9728,2500,1,32.8395,67.0738,2407,24,ZBL-KAF-085
9729,500,2,32.8383,67.0747,2407,24,ZBL-KAF-086
9730,250,2,32.776,67.283,2407,24,ZBL-KAF-087
9731,190,2,32.7631,67.2011,2407,24,ZBL-KAF-088
9732,250,2,32.754,67.192,2407,24,ZBL-KAF-089
9733,250,2,32.743,67.205,2407,24,ZBL-KAF-090
9734,250,2,32.733,67.183,2407,24,ZBL-KAF-091
9735,250,2,32.713,67.17,2407,24,ZBL-KAF-092
9736,250,2,32.7665,67.2333,2407,24,ZBL-KAF-093
9737,200,2,32.764,67.249,2407,24,ZBL-KAF-094
9738,250,2,32.7686,67.2618,2407,24,ZBL-KAF-095
9739,250,2,32.776,67.272,2407,24,ZBL-KAF-096
9740,250,2,32.7839,67.289,2407,24,ZBL-KAF-097
9741,500,2,32.789,67.285,2407,24,ZBL-KAF-098
9742,250,2,32.799,67.2869,2407,24,ZBL-KAF-099
9743,250,2,32.8152,67.3,2407,24,ZBL-KAF-100
9744,250,2,32.823,67.2936,2407,24,ZBL-KAF-101
9745,200,2,32.831,67.2926,2407,24,ZBL-KAF-102
9746,400,2,32.8536,67.277,2407,24,ZBL-KAF-103
9747,400,2,32.861,67.291,2407,24,ZBL-KAF-104
9748,250,2,32.8677,67.304,2407,24,ZBL-KAF-105
9749,200,2,32.8699,67.3192,2407,24,ZBL-KAF-106
9750,200,2,32.878,67.3101,2407,24,ZBL-KAF-107
9751,200,2,32.891,67.318,2407,24,ZBL-KAF-108
9752,250,2,32.898,67.3176,2407,24,ZBL-KAF-109
9753,200,2,32.9171,67.3138,2407,24,ZBL-KAF-110
9754,200,2,32.931,67.286,2407,24,ZBL-KAF-111
9755,350,2,32.954,67.178,2407,24,ZBL-KAF-116
9756,200,2,32.916,67.1499,2407,24,ZBL-KAF-117
9757,450,2,32.891,67.124,2407,24,ZBL-KAF-118
9758,500,2,32.872,67.113,2407,24,ZBL-KAF-119
9759,500,2,32.8579,67.1109,2407,24,ZBL-KAF-120
9760,400,2,32.837,67.109,2407,24,ZBL-KAF-121
9761,200,2,32.819,67.0097,2407,24,ZBL-KAF-122
9762,250,2,32.815,67.0886,2407,24,ZBL-KAF-123
9763,300,2,32.813,67.071,2407,24,ZBL-KAF-124
9764,350,2,32.815,67.0591,2407,24,ZBL-KAF-125
9765,300,2,32.7995,67.076,2407,24,ZBL-KAF-126
9766,250,2,32.804,67.052,2407,24,ZBL-KAF-127
9767,300,2,32.805,67.038,2407,24,ZBL-KAF-128
9768,350,2,32.792,67.041,2407,24,ZBL-KAF-129
9769,200,2,32.778,67.0411,2407,24,ZBL-KAF-130
9770,100,2,32.785,67.026,2407,24,ZBL-KAF-131
9798,220,9,32.1362,67.4921,2411,24,ZBL-NBR-017
9799,198,2,32.2247,67.6024,2411,24,ZBL-NBR-018
9800,1324,2,32.3541,67.7082,2411,24,ZBL-NBR-020
9801,154,2,32.1476,67.4934,2411,24,ZBL-NBR-023
9802,138,2,32.3091,67.6054,2411,24,ZBL-NBR-024
9803,75,2,32.2908,67.5182,2411,24,ZBL-NBR-025
9804,223,2,32.1558,67.5292,2411,24,ZBL-NBR-026
9805,137,2,32.2743,67.4743,2411,24,ZBL-NBR-028
9806,193,9,32.2063,67.7,2411,24,ZBL-NBR-029
9807,67,2,32.383,67.6912,2411,24,ZBL-NBR-030
9808,200,2,32.2207,67.6174,2411,24,ZBL-NBR-034
9809,576,2,32.2076,67.6638,2411,24,ZBL-NBR-036
9810,178,2,32.2717,67.4391,2411,24,ZBL-NBR-040
9811,162,2,32.2455,67.4918,2411,24,ZBL-NBR-041
9812,140,9,32.2415,67.5088,2411,24,ZBL-NBR-042
9813,396,2,32.3583,67.7167,2411,24,ZBL-NBR-043
9814,434,2,32.3946,67.677,2411,24,ZBL-NBR-046
9815,723,2,32.3811,67.6806,2411,24,ZBL-NBR-047
9816,81,2,32.1961,67.5663,2411,24,ZBL-NBR-049
9817,43,2,32.2335,67.6239,2411,24,ZBL-NBR-050
9818,93,2,32.1497,67.5409,2411,24,ZBL-NBR-051
9819,34,2,32.1894,67.6218,2411,24,ZBL-NBR-053
9820,206,2,32.4362,67.6433,2411,24,ZBL-NBR-054
9821,68,2,32.1799,67.6332,2411,24,ZBL-NBR-055
9822,158,9,32.0645,67.5959,2411,24,ZBL-NBR-056
9823,117,2,32.3504,67.6902,2411,24,ZBL-NBR-057
9824,144,2,32.2238,67.6371,2411,24,ZBL-NBR-058
9825,155,9,32.1658,67.6591,2411,24,ZBL-NBR-059
9826,769,9,32.2053,67.4661,2411,24,ZBL-NBR-060
9827,97,2,32.3771,67.6843,2411,24,ZBL-NBR-062
9828,189,9,32.1354,67.5805,2411,24,ZBL-NBR-063
9829,280,2,32.1708,67.6544,2411,24,ZBL-NBR-064
9830,142,2,32.2534,67.6818,2411,24,ZBL-NBR-065
9831,64,9,32.2536,67.524,2411,24,ZBL-NBR-066
9832,47,2,32.2892,67.5641,2411,24,ZBL-NBR-067
9833,166,2,32.3059,67.6198,2411,24,ZBL-NBR-073
9834,495,2,32.2398,67.7112,2411,24,ZBL-NBR-074
9835,175,2,32.1584,67.5332,2411,24,ZBL-NBR-075
9836,431,2,32.1681,67.606,2411,24,ZBL-NBR-076
9837,154,2,32.1985,67.6525,2411,24,ZBL-NBR-077
9838,54,2,32.3205,67.5474,2411,24,ZBL-NBR-079
9840,25,2,32.3872,67.6575,2411,24,ZBL-NBR-081
9841,353,9,32.2082,67.6152,2411,24,ZBL-NBR-083
9842,422,2,32.2248,67.6445,2411,24,ZBL-NBR-084
9843,66,2,32.382,67.5822,2411,24,ZBL-NBR-085
9844,158,2,32.1407,67.5849,2411,24,ZBL-NBR-086
9846,493,2,32.2101,67.6307,2411,24,ZBL-NBR-089
9847,121,2,32.3157,67.645,2411,24,ZBL-NBR-090
9848,408,9,32.1991,67.7062,2411,24,ZBL-NBR-091
9849,110,2,32.1366,67.5351,2411,24,ZBL-NBR-092
9850,231,9,32.1849,67.5643,2411,24,ZBL-NBR-093
9851,192,2,32.4234,67.6634,2411,24,ZBL-NBR-094
9852,121,2,32.3513,67.6996,2411,24,ZBL-NBR-095
9853,188,2,32.3873,67.6768,2411,24,ZBL-NBR-097
9854,96,2,32.1458,67.5381,2411,24,ZBL-NBR-098
9855,140,2,32.1581,67.5214,2411,24,ZBL-NBR-099
9856,818,2,32.4006,67.6859,2411,24,ZBL-NBR-100
9857,163,2,32.3257,67.5543,2411,24,ZBL-NBR-101
9858,194,2,32.3121,67.6402,2411,24,ZBL-NBR-102
9859,25,2,32.3085,67.6012,2411,24,ZBL-NBR-104
9860,188,2,32.1767,67.5822,2411,24,ZBL-NBR-105
9861,154,2,32.4058,67.6037,2411,24,ZBL-NBR-106
9862,72,2,32.3944,67.5937,2411,24,ZBL-NBR-107
9863,366,2,32.2751,67.5449,2411,24,ZBL-NBR-108
9864,66,2,32.302,67.587,2411,24,ZBL-NBR-109
9865,379,2,32.4603,67.6654,2411,24,ZBL-NBR-110
9866,295,2,32.3694,67.7087,2411,24,ZBL-NBR-111
9867,302,9,32.2348,67.6912,2411,24,ZBL-NBR-112
9868,745,9,32.1597,67.6742,2411,24,ZBL-NBR-114
9869,234,2,32.3775,67.673,2411,24,ZBL-NBR-115
9870,108,2,32.4019,67.6774,2411,24,ZBL-NBR-116
9871,324,2,32.3925,67.6826,2411,24,ZBL-NBR-117
9872,270,2,32.4521,67.66,2411,24,ZBL-NBR-120
9873,203,2,32.3631,67.6843,2411,24,ZBL-NBR-121
9874,131,9,32.1542,67.6891,2411,24,ZBL-NBR-124
9875,135,2,32.3591,67.694,2411,24,ZBL-NBR-125
9876,1043,2,32.2123,67.6331,2411,24,ZBL-NBR-126
9877,100,2,32.296,67.4847,2411,24,ZBL-NBR-127
9878,128,2,32.0843,67.7917,2410,24,ZBL-SMZ-075
9879,262,2,32.0964,67.7588,2410,24,ZBL-SMZ-084
9880,277,2,32.0952,67.6828,2410,24,ZBL-SMZ-101
9881,130,2,32.0957,67.6704,2410,24,ZBL-SMZ-105
9882,66,2,32.0918,67.6617,2410,24,ZBL-SMZ-108
9883,416,2,32.067,67.7663,2410,24,ZBL-SMZ-136
9884,278,2,32.0666,67.6158,2410,24,ZBL-SMZ-139
9885,103,2,32.0693,67.8278,2410,24,ZBL-SMZ-157
9886,89,2,32.0612,67.63,2410,24,ZBL-SMZ-158
9887,98,2,32.0718,67.8015,2410,24,ZBL-SMZ-173
9888,260,2,32.0865,67.6896,2410,24,ZBL-SMZ-177
9889,171,2,32.0751,67.7456,2410,24,ZBL-SMZ-187
9890,510,2,32.1251,67.8032,2410,24,ZBL-SMZ-212
9891,299,2,32.0725,67.7917,2410,24,ZBL-SMZ-221
9892,109,2,32.0762,67.6764,2410,24,ZBL-SMZ-223
9893,98,2,32.0974,67.7035,2410,24,ZBL-SMZ-238
9894,533,2,32.079,67.6257,2410,24,ZBL-SMZ-246
9895,324,2,32.1043,67.7058,2410,24,ZBL-SMZ-262
9896,154,2,32.1149,67.7269,2410,24,ZBL-SMZ-279
9897,40,2,32.0809,67.7312,2410,24,ZBL-SMZ-281
9898,662,2,32.2706,67.4231,2406,24,ZBL-SHJ-122
9899,371,2,32.2225,67.3869,2406,24,ZBL-SHJ-031
9921,115,2,32.11764,66.92984,2401,24,ZBL-QLT-149
9922,381,2,32.1602,66.86514,2401,24,ZBL-QLT-151
9925,103,2,32.05123,66.88364,2401,24,ZBL-QLT-148
9930,391,2,32.11984,66.8264,2401,24,ZBL-QLT-152
9935,112,2,32.11901,66.94526,2401,24,ZBL-QLT-155
9939,26,2,31.98507,66.75667,2404,24,ZBL-TWJ-149
9941,204,2,32.1932,66.989,2401,24,ZBL-QLT-086
9942,511,2,32.183,67.0153,2401,24,ZBL-QLT-051
9943,546,2,32.1864,67.0219,2401,24,ZBL-QLT-054
9944,408,2,32.1507,66.9838,2401,24,ZBL-QLT-067
9945,179,2,32.1892,67.0075,2401,24,ZBL-QLT-030
9946,637,2,32.1726,66.9949,2401,24,ZBL-QLT-091
9947,270,2,32.2665,67.1409,2401,24,ZBL-QLT-045
9948,161,2,32.2294,67.0885,2401,24,ZBL-QLT-074
9949,319,2,32.2753,67.1371,2401,24,ZBL-QLT-068
9950,158,2,32.2062,67.06,2401,24,ZBL-QLT-042
9951,176,2,32.2021,67.0577,2401,24,ZBL-QLT-055
9952,458,2,32.2145,67.0883,2401,24,ZBL-QLT-047
9953,58,2,32.2028,67.0704,2401,24,ZBL-QLT-094
9954,776,2,32.214,67.0512,2401,24,ZBL-QLT-062
9955,53,2,32.2576,67.1301,2401,24,ZBL-QLT-008
9956,549,2,32.243,67.1241,2401,24,ZBL-QLT-048
9957,1135,2,32.1862,67.0573,2401,24,ZBL-QLT-021
9958,128,2,32.2172,67.1138,2401,24,ZBL-QLT-053
9959,150,2,32.3636,66.8558,2402,24,ZBL-AG2-136
9960,150,2,32.0912,66.8913,2401,24,ZBL-QLT-058
9961,79,2,32.0849,66.9052,2401,24,ZBL-QLT-057
9962,103,2,32.1225,66.9202,2401,24,ZBL-QLT-088
9963,132,2,32.114,66.9244,2401,24,ZBL-QLT-073
9964,162,2,32.1017,66.915,2401,24,ZBL-QLT-061
9965,67,2,32.0977,66.9216,2401,24,ZBL-QLT-029
9966,1029,2,32.1155,66.9176,2401,24,ZBL-QLT-032
9967,186,2,32.1065,66.9236,2401,24,ZBL-QLT-012
9968,812,2,32.1218,66.9281,2401,24,ZBL-QLT-010
9969,89,2,32.1282,66.9168,2401,24,ZBL-QLT-087
9970,105,2,32.0934,66.9068,2401,24,ZBL-QLT-050
9971,9900,2,32.1059,66.9039,2401,24,ZBL-QLT-096
9972,3060,2,32.1104,66.9185,2401,24,ZBL-QLT-083
9973,805,2,32.1178,66.9101,2401,24,ZBL-QLT-084
9974,104,2,32.0534,66.8733,2401,24,ZBL-QLT-059
9975,281,2,32.148,66.8472,2401,24,ZBL-QLT-079
9976,88,2,32.0781,66.861,2401,24,ZBL-QLT-014
9977,358,2,32.0675,66.8781,2401,24,ZBL-QLT-011
9978,52,2,32.061,66.887,2401,24,ZBL-QLT-037
9979,436,2,32.0823,66.8783,2401,24,ZBL-QLT-024
9980,59,2,32.01,66.837,2401,24,ZBL-QLT-016
9981,116,2,32.113,66.827,2401,24,ZBL-QLT-069
9982,102,2,32.1311,66.9463,2401,24,ZBL-QLT-076
9983,110,2,32.165,66.934,2401,24,ZBL-QLT-019
9984,369,2,32.1267,66.9582,2401,24,ZBL-QLT-075
9985,12,2,32.0929,66.8393,2401,24,ZBL-QLT-041
9986,35,1,32.1031,66.8565,2401,24,ZBL-QLT-092
9987,56,2,32.1302,66.8427,2401,24,ZBL-QLT-025
9988,426,2,32.1054,66.9571,2401,24,ZBL-QLT-043
9989,412,2,32.1488,66.8861,2401,24,ZBL-QLT-034
9990,362,2,32.1303,66.9401,2401,24,ZBL-QLT-070
9991,75,2,32.1363,66.8329,2401,24,ZBL-QLT-095
9992,635,2,32.17,66.8669,2401,24,ZBL-QLT-035
9993,380,2,32.1418,66.9653,2401,24,ZBL-QLT-039
9994,135,2,32.0723,66.8508,2401,24,ZBL-QLT-081
9995,104,2,32.1173,66.8611,2401,24,ZBL-QLT-063
9996,526,2,32.077,66.8849,2401,24,ZBL-QLT-031
9997,174,2,32.0489,66.8602,2401,24,ZBL-QLT-036
9998,207,2,32.1233,66.9519,2401,24,ZBL-QLT-065
9999,97,2,32.0448,66.8294,2401,24,ZBL-QLT-072
10000,179,2,32.0826,66.8399,2401,24,ZBL-QLT-040
10001,77,2,32.0273,66.8695,2401,24,ZBL-QLT-093
10002,164,2,32.1536,66.9303,2401,24,ZBL-QLT-064
10003,163,2,32.1242,66.9755,2401,24,ZBL-QLT-090
10004,42,2,32.1266,66.8706,2401,24,ZBL-QLT-017
10005,206,2,32.0725,66.887,2401,24,ZBL-QLT-078
10006,104,2,32.1255,66.8435,2401,24,ZBL-QLT-022
10007,98,2,32.114,66.9662,2401,24,ZBL-QLT-015
10008,276,2,32.1753,66.8801,2401,24,ZBL-QLT-080
10009,400,2,32.1379,66.8244,2401,24,ZBL-QLT-033
10010,328,2,32.0727,66.8657,2401,24,ZBL-QLT-052
10011,200,2,32.0712,66.9187,2401,24,ZBL-QLT-082
10012,53,2,32.0947,66.8621,2401,24,ZBL-QLT-018
10013,72,2,32.0631,66.8342,2401,24,ZBL-QLT-023
10014,176,2,32.1083,66.8377,2401,24,ZBL-QLT-013
10015,1558,2,32.0683,66.8709,2401,24,ZBL-QLT-046
10016,225,2,32.134,66.9494,2401,24,ZBL-QLT-026
10017,324,2,32.1219,66.9357,2401,24,ZBL-QLT-027
10018,54,2,32.1451,66.9225,2401,24,ZBL-QLT-060
10019,211,2,31.9993,66.8438,2401,24,ZBL-QLT-009
10020,75,2,31.9937,66.8243,2401,24,ZBL-QLT-038
10021,80,2,32.0109,66.7975,2401,24,ZBL-QLT-044
10022,239,2,31.9578,66.7233,2404,24,ZBL-TWJ-010
10023,76,2,32.026,66.7622,2404,24,ZBL-TWJ-021
10024,124,2,32.0562,66.7274,2404,24,ZBL-TWJ-074
10025,378,2,31.9727,66.6834,2404,24,ZBL-TWJ-020
10026,89,2,31.9475,66.681,2404,24,ZBL-TWJ-051
10027,137,2,31.9118,66.7582,2404,24,ZBL-TWJ-132
10028,135,2,31.8897,66.7471,2404,24,ZBL-TWJ-110
10029,304,2,31.9924,66.723,2404,24,ZBL-TWJ-025
10030,39,2,31.9029,66.732,2404,24,ZBL-TWJ-083
10031,474,2,31.9555,66.7402,2404,24,ZBL-TWJ-107
10032,28,2,31.9554,66.6981,2404,24,ZBL-TWJ-088
10033,158,2,31.9696,66.744,2404,24,ZBL-TWJ-131
10034,203,2,32.0722,66.7327,2404,24,ZBL-TWJ-134
10035,40,2,31.9983,66.736,2404,24,ZBL-TWJ-012
10036,48,2,31.956,66.6829,2404,24,ZBL-TWJ-064
10037,35,2,31.9282,66.7009,2404,24,ZBL-TWJ-125
10038,288,2,31.9216,66.7531,2404,24,ZBL-TWJ-069
10039,62,2,31.9109,66.7364,2404,24,ZBL-TWJ-096
10040,124,2,31.992,66.698,2404,24,ZBL-TWJ-071
10041,38,2,31.9631,66.6828,2404,24,ZBL-TWJ-059
10042,32,2,31.9182,66.7128,2404,24,ZBL-TWJ-085
10043,365,2,31.9995,66.7064,2404,24,ZBL-TWJ-070
10044,71,2,32.0261,66.7361,2404,24,ZBL-TWJ-055
10045,359,2,32.0604,66.7299,2404,24,ZBL-TWJ-118
10046,260,2,32.0798,66.7593,2404,24,ZBL-TWJ-119
10047,41,2,31.9332,66.6951,2404,24,ZBL-TWJ-048
10048,404,2,32.0629,66.7397,2404,24,ZBL-TWJ-018
10049,95,2,32.0287,66.71,2404,24,ZBL-TWJ-030
10050,247,2,32.037,66.7134,2404,24,ZBL-TWJ-029
10051,273,2,31.9678,66.7196,2404,24,ZBL-TWJ-017
10052,473,2,32.0517,66.7415,2404,24,ZBL-TWJ-022
10053,9,2,31.9107,66.747,2404,24,ZBL-TWJ-116
10054,546,2,32.0814,66.7376,2404,24,ZBL-TWJ-027
10055,43,2,31.9948,66.6993,2404,24,ZBL-TWJ-008
10056,42,2,32.035,66.7659,2404,24,ZBL-TWJ-135
10082,141,2,32.30366,66.62164,2403,24,ZBL-MZN-100
10086,167,2,32.20155,66.47343,2403,24,ZBL-MZN-105
13878,53,2,31.93271,66.62069,2404,24,ZBL-TWJ-165
13879,148,2,32.324,66.5126,2403,24,ZBL-MZN-015
13880,220,2,32.3385,66.586,2403,24,ZBL-MZN-017
13881,113,2,32.328,66.5288,2403,24,ZBL-MZN-025
13882,165,2,32.3539,66.5546,2403,24,ZBL-MZN-034
13883,150,2,32.2595,66.7158,2401,24,ZBL-QLT-097
13884,103,2,32.1913,66.6489,2403,24,ZBL-MZN-001
13885,15,2,32.1737,66.6013,2403,24,ZBL-MZN-002
13886,104,2,32.2653,66.5752,2403,24,ZBL-MZN-003
13887,123,2,32.3191,66.6068,2403,24,ZBL-MZN-004
13888,140,2,32.2989,66.5102,2403,24,ZBL-MZN-005
13889,902,2,32.1338,66.502,2403,24,ZBL-MZN-006
13890,201,2,32.261,66.4355,2403,24,ZBL-MZN-008
13891,205,2,32.2242,66.4953,2403,24,ZBL-MZN-009
13892,173,2,32.1841,66.4256,2403,24,ZBL-MZN-010
13893,763,2,32.1733,66.5109,2403,24,ZBL-MZN-012
13894,102,2,32.3245,66.5859,2403,24,ZBL-MZN-013
13895,54,2,32.1797,66.4619,2403,24,ZBL-MZN-014
13896,155,2,32.2923,66.4517,2403,24,ZBL-MZN-016
13897,51,2,32.2705,66.6043,2403,24,ZBL-MZN-018
13898,363,2,32.1792,66.4254,2403,24,ZBL-MZN-020
13899,450,2,32.1765,66.4819,2403,24,ZBL-MZN-021
13900,88,2,32.2156,66.4127,2403,24,ZBL-MZN-022
13901,253,2,32.3128,66.599,2403,24,ZBL-MZN-023
13902,409,2,32.2465,66.5353,2403,24,ZBL-MZN-026
13903,148,2,32.2545,66.5051,2403,24,ZBL-MZN-027
13904,120,2,32.1944,66.4162,2403,24,ZBL-MZN-028
13905,100,2,32.3109,66.5549,2403,24,ZBL-MZN-029
13906,37,2,32.1778,66.6505,2403,24,ZBL-MZN-030
13907,55,2,32.1896,66.5563,2403,24,ZBL-MZN-031
13908,123,2,32.1456,66.4639,2403,24,ZBL-MZN-032
13909,126,2,32.2459,66.5464,2403,24,ZBL-MZN-033
13910,90,2,32.2847,66.4578,2403,24,ZBL-MZN-035
13911,118,2,32.2872,66.5977,2403,24,ZBL-MZN-036
13912,99,2,32.1897,66.4255,2403,24,ZBL-MZN-037
13913,85,2,32.2222,66.4041,2403,24,ZBL-MZN-038
13914,61,2,32.1964,66.6112,2403,24,ZBL-MZN-039
13915,67,2,32.299,66.4964,2403,24,ZBL-MZN-040
13916,246,2,32.3186,66.5503,2403,24,ZBL-MZN-041
13917,195,2,32.2047,66.5214,2403,24,ZBL-MZN-042
13918,310,2,32.2734,66.5883,2403,24,ZBL-MZN-044
13919,90,2,32.3077,66.5108,2403,24,ZBL-MZN-046
13920,72,2,32.2668,66.5533,2403,24,ZBL-MZN-047
13921,174,2,32.2,66.6101,2403,24,ZBL-MZN-048
13922,498,2,32.1784,66.5622,2403,24,ZBL-MZN-049
13923,85,2,32.2573,66.5585,2403,24,ZBL-MZN-050
13924,99,2,32.1836,66.5091,2403,24,ZBL-MZN-051
13925,1005,2,32.1555,66.4874,2403,24,ZBL-MZN-052
13926,411,2,32.1145,66.379,2403,24,ZBL-MZN-053
13927,380,2,32.174,66.4897,2403,24,ZBL-MZN-054
13928,220,2,32.1978,66.5442,2403,24,ZBL-MZN-055
13929,383,2,32.1845,66.4803,2403,24,ZBL-MZN-056
13930,35,2,32.1995,66.4285,2403,24,ZBL-MZN-057
13931,90,2,32.1796,66.4199,2403,24,ZBL-MZN-058
13932,77,2,32.284,66.4671,2403,24,ZBL-MZN-059
13933,166,2,32.1858,66.6307,2403,24,ZBL-MZN-061
13934,91,2,32.2091,66.4116,2403,24,ZBL-MZN-062
13935,339,2,32.0891,66.3957,2403,24,ZBL-MZN-063
13936,624,2,32.1566,66.3492,2403,24,ZBL-MZN-064
13937,178,2,32.1391,66.5067,2403,24,ZBL-MZN-065
13938,441,2,32.196,66.4815,2403,24,ZBL-MZN-066
13939,255,2,32.1849,66.6602,2403,24,ZBL-MZN-067
13940,84,2,32.1996,66.4221,2403,24,ZBL-MZN-068
13941,293,2,32.2057,66.6582,2403,24,ZBL-MZN-069
13942,614,2,32.1496,66.4553,2403,24,ZBL-MZN-070
13943,427,2,32.1816,66.46,2403,24,ZBL-MZN-071
13944,194,2,32.2348,66.5024,2403,24,ZBL-MZN-072
13945,314,2,32.1624,66.3435,2403,24,ZBL-MZN-073
13946,987,2,32.1424,66.5242,2403,24,ZBL-MZN-074
13947,576,2,32.095,66.3839,2403,24,ZBL-MZN-075
13948,142,2,32.2039,66.4134,2403,24,ZBL-MZN-076
13949,97,2,32.2733,66.5931,2403,24,ZBL-MZN-077
13950,25,2,32.1726,66.6053,2403,24,ZBL-MZN-078
13951,85,2,32.1802,66.6073,2403,24,ZBL-MZN-079
13952,40,2,32.2289,66.4883,2403,24,ZBL-MZN-080
13953,28,2,32.2464,66.4355,2403,24,ZBL-MZN-081
13954,220,2,32.2786,66.4552,2403,24,ZBL-MZN-083
13955,106,2,32.2648,66.4135,2403,24,ZBL-MZN-084
13956,207,2,32.1515,66.6438,2403,24,ZBL-MZN-085
13957,37,2,32.1804,66.6304,2403,24,ZBL-MZN-086
13958,66,2,32.2772,66.5105,2403,24,ZBL-MZN-087
13959,66,2,32.2333,66.4308,2403,24,ZBL-MZN-089
13960,293,2,32.1956,66.4709,2403,24,ZBL-MZN-090
13961,130,2,32.2547,66.4335,2403,24,ZBL-MZN-091
13962,95,2,32.1521,66.6479,2403,24,ZBL-MZN-093
13963,229,2,32.1946,66.6694,2403,24,ZBL-MZN-094
13964,1192,2,32.174,66.5131,2403,24,ZBL-MZN-095
13965,40,2,31.9728,66.586,2404,24,ZBL-TWJ-065
13966,43,2,31.9092,66.5898,2404,24,ZBL-TWJ-054
13967,26,2,31.9589,66.582,2404,24,ZBL-TWJ-077
13968,73,2,31.9408,66.5624,2404,24,ZBL-TWJ-090
13969,31,2,31.9552,66.5564,2404,24,ZBL-TWJ-047
13970,89,2,31.9209,66.6115,2404,24,ZBL-TWJ-114
13971,53,2,31.965,66.5782,2404,24,ZBL-TWJ-095
13972,91,2,31.9191,66.5714,2404,24,ZBL-TWJ-080
13973,26,2,31.9204,66.6028,2404,24,ZBL-TWJ-067
13974,114,2,31.9357,66.5607,2404,24,ZBL-TWJ-084
13975,64,2,31.9121,66.5715,2404,24,ZBL-TWJ-045
13976,12,2,31.949,66.6404,2404,24,ZBL-TWJ-026
13977,43,2,31.9523,66.6753,2404,24,ZBL-TWJ-117
13978,32,2,31.9304,66.651,2404,24,ZBL-TWJ-005
13979,122,2,31.9694,66.6404,2404,24,ZBL-TWJ-057
13980,33,2,31.9745,66.6534,2404,24,ZBL-TWJ-129
13981,31,2,31.9488,66.6586,2404,24,ZBL-TWJ-041
13982,29,2,31.9411,66.6328,2404,24,ZBL-TWJ-102
13983,209,2,31.9435,66.6153,2404,24,ZBL-TWJ-060
13984,18,2,31.9167,66.6475,2404,24,ZBL-TWJ-126
13985,33,2,31.9585,66.6367,2404,24,ZBL-TWJ-094
13986,68,2,32.134,66.6396,2403,24,ZBL-MZN-011
14095,400,2,32.4581,66.8283,2402,24,ZBL-AG2-133
14096,2086,2,32.6286,66.794,2408,24,ZBL-DAN-112
14097,800,2,32.64,66.767,2408,24,ZBL-DAN-122
14098,450,2,32.648,66.81,2408,24,ZBL-DAN-124
14099,375,2,32.657,66.815,2408,24,ZBL-DAN-125
14100,400,2,32.664,66.804,2408,24,ZBL-DAN-126
14101,400,2,32.6663,66.839,2408,24,ZBL-DAN-127
14102,250,2,32.6163,66.8652,2408,24,ZBL-DAN-128
14103,225,2,32.687,66.807,2408,24,ZBL-DAN-130
14104,500,2,32.706,66.745,2408,24,ZBL-DAN-134
14105,400,2,32.718,66.743,2408,24,ZBL-DAN-135
14106,450,2,32.4044,66.8011,2402,24,ZBL-AG2-134
14107,550,2,32.4047,66.8322,2402,24,ZBL-AG2-135
14108,2006,2,32.5419,66.6997,2408,24,ZBL-DAN-113
14109,250,2,32.4122,66.7394,2408,24,ZBL-DAN-114
14110,200,2,32.4697,66.7661,2408,24,ZBL-DAN-115
14111,739,2,32.5336,66.7372,2408,24,ZBL-DAN-116
14112,250,2,32.621,66.652,2408,24,ZBL-DAN-117
14113,150,2,32.627,66.7002,2408,24,ZBL-DAN-118
14114,150,2,32.642,66.662,2408,24,ZBL-DAN-119
14115,250,2,32.604,66.669,2408,24,ZBL-DAN-120
14116,1000,2,32.623,66.757,2408,24,ZBL-DAN-121
14117,700,2,32.635,66.726,2408,24,ZBL-DAN-123
14118,300,2,32.696,66.717,2408,24,ZBL-DAN-131
14119,250,2,32.687,66.721,2408,24,ZBL-DAN-132
14120,300,2,32.687,66.738,2408,24,ZBL-DAN-133
14121,400,2,32.3634,66.7771,2402,24,ZBL-AG2-130
15751,85,1,32.9471,67.333,2407,24,ZBL-KAF-072
15752,310,1,32.9129,67.3735,2407,24,ZBL-KAF-081
18172,93,1,32.8846,67.4118,2407,24,ZBL-KAF-067
18173,206,1,32.8634,67.3927,2407,24,ZBL-KAF-069
18174,242,1,32.8723,67.3881,2407,24,ZBL-KAF-075
18175,293,1,32.9023,67.3709,2407,24,ZBL-KAF-079
18176,240,1,32.8577,67.38,2407,24,ZBL-KAF-082
19443,158,2,32.7144,67.4473,2406,24,ZBL-SHJ-084
19451,476,2,32.6026,67.5754,2406,24,ZBL-SHJ-053
19452,178,2,32.5862,67.5626,2406,24,ZBL-SHJ-009
19453,290,2,32.6081,67.5845,2406,24,ZBL-SHJ-147
19454,42,2,32.6182,67.5489,2406,24,ZBL-SHJ-094
19455,411,2,32.6027,67.5493,2406,24,ZBL-SHJ-022
19456,164,2,32.5952,67.5649,2406,24,ZBL-SHJ-015
19457,291,2,32.5971,67.5735,2406,24,ZBL-SHJ-158
19458,645,2,32.6096,67.5925,2406,24,ZBL-SHJ-123
19460,791,2,32.6832,67.4921,2406,24,ZBL-SHJ-126
19498,186,1,32.8375,67.4162,2407,24,ZBL-KAF-068
19499,336,1,32.8599,67.42,2407,24,ZBL-KAF-074
19500,461,1,32.8584,67.396,2407,24,ZBL-KAF-076
19501,477,1,32.8579,67.4068,2407,24,ZBL-KAF-077
19502,198,1,32.8568,67.4219,2407,24,ZBL-KAF-078
19503,177,1,32.8523,67.4138,2407,24,ZBL-KAF-083
19526,174,2,32.5532,67.6125,2406,24,ZBL-SHJ-025
19527,162,2,32.5472,67.6054,2406,24,ZBL-SHJ-148
19528,200,2,32.584,67.637,2406,24,ZBL-SHJ-175
19529,860,2,32.6018,67.5926,2406,24,ZBL-SHJ-047
19628,342,2,32.4119,67.7072,2411,24,ZBL-NBR-021
19629,173,2,32.0551,67.9794,2410,24,ZBL-SMZ-133
19630,235,2,32.0704,67.9463,2410,24,ZBL-SMZ-137
19631,381,2,32.0573,67.9072,2410,24,ZBL-SMZ-147
19632,104,2,32.0321,67.9904,2410,24,ZBL-SMZ-163
19633,128,2,32.0692,68.0683,2410,24,ZBL-SMZ-231
19634,294,2,32.0702,67.8815,2410,24,ZBL-SMZ-233
19635,110,2,32.0602,67.9558,2410,24,ZBL-SMZ-255
19636,45,2,32.0547,68.0477,2410,24,ZBL-SMZ-260
20182,386,9,31.756,68.0967,2410,24,ZBL-SMZ-249
22742,3979,2,33.0574,69.4034,2611,26,KST-SPE-024
22743,309,2,33.0744,69.4405,2611,26,KST-SPE-035
22830,41,2,33.1112,69.4232,2611,26,KST-SPE-016
22831,823,2,33.0963,69.4152,2611,26,KST-SPE-020
22832,196,2,33.1053,69.4249,2611,26,KST-SPE-027
22833,265,2,33.1705,69.4073,2611,26,KST-SPE-051
22834,228,2,33.1841,69.3958,2611,26,KST-SPE-055
22835,151,2,33.1626,69.4119,2611,26,KST-SPE-070
22897,585,2,33.22483,69.54476,2611,26,KST-SPE-013
22898,361,2,33.12968,69.67358,2606,26,KST-TNI-137
22900,1320,2,33.10791,69.64708,2606,26,KST-TNI-138
22902,581,2,33.1881,69.5455,2611,26,KST-SPE-014
22903,451,2,33.1364,69.5034,2611,26,KST-SPE-015
22904,243,2,33.1225,69.4459,2611,26,KST-SPE-017
22905,729,2,33.1998,69.4786,2611,26,KST-SPE-018
22906,738,2,33.1956,69.4617,2611,26,KST-SPE-019
22907,150,2,33.1026,69.4681,2611,26,KST-SPE-021
22908,86,2,33.1306,69.4662,2611,26,KST-SPE-022
22909,365,2,33.2213,69.5374,2611,26,KST-SPE-023
22910,1149,2,33.1998,69.5136,2611,26,KST-SPE-026
22911,1005,2,33.1953,69.4705,2611,26,KST-SPE-028
22912,263,2,33.1847,69.5154,2611,26,KST-SPE-029
22913,356,2,33.161,69.5464,2611,26,KST-SPE-030
22914,450,2,33.1152,69.5473,2611,26,KST-SPE-031
22915,166,2,33.171,69.4302,2611,26,KST-SPE-032
22916,239,2,33.1426,69.5488,2611,26,KST-SPE-033
22917,648,2,33.184,69.4284,2611,26,KST-SPE-034
22918,179,2,33.201,69.4845,2611,26,KST-SPE-036
22919,219,2,33.1905,69.4411,2611,26,KST-SPE-037
22920,248,2,33.1974,69.5279,2611,26,KST-SPE-038
22921,343,2,33.2072,69.5177,2611,26,KST-SPE-039
22922,1173,2,33.1198,69.4405,2611,26,KST-SPE-040
22923,651,2,33.2045,69.4922,2611,26,KST-SPE-041
22924,680,2,33.1767,69.5408,2611,26,KST-SPE-042
22925,40,2,33.1793,69.4197,2611,26,KST-SPE-043
22926,451,2,33.2289,69.5298,2611,26,KST-SPE-044
22927,275,2,33.131,69.5554,2611,26,KST-SPE-045
22928,955,2,33.1331,69.5471,2611,26,KST-SPE-046
22929,426,2,33.1935,69.5174,2611,26,KST-SPE-047
22930,1027,2,33.1544,69.5505,2611,26,KST-SPE-048
22931,228,2,33.1471,69.5082,2611,26,KST-SPE-049
22932,350,2,33.1657,69.5167,2611,26,KST-SPE-050
22933,1118,2,33.1141,69.4327,2611,26,KST-SPE-052
22934,199,2,33.1225,69.5471,2611,26,KST-SPE-053
22935,84,2,33.2161,69.5375,2611,26,KST-SPE-054
22936,40,2,33.1966,69.5027,2611,26,KST-SPE-056
22937,138,2,33.1267,69.4553,2611,26,KST-SPE-057
22938,586,2,33.2398,69.5609,2611,26,KST-SPE-059
22939,836,2,33.1188,69.5153,2611,26,KST-SPE-060
22940,770,2,33.1941,69.4531,2611,26,KST-SPE-061
22941,1012,2,33.2229,69.4471,2611,26,KST-SPE-062
22942,265,2,33.2152,69.5323,2611,26,KST-SPE-063
22943,425,2,33.1365,69.4718,2611,26,KST-SPE-064
22944,138,2,33.1154,69.4919,2611,26,KST-SPE-065
22945,618,2,33.181,69.5418,2611,26,KST-SPE-066
22946,78,2,33.2403,69.5444,2611,26,KST-SPE-067
22947,188,2,33.133,69.4881,2611,26,KST-SPE-068
22948,282,2,33.2014,69.5072,2611,26,KST-SPE-069
22949,154,2,33.0906,69.4447,2611,26,KST-SPE-071
22950,184,2,33.1387,69.4834,2611,26,KST-SPE-072
22951,514,2,33.231,69.5508,2611,26,KST-SPE-073
22952,229,2,33.2037,69.5238,2611,26,KST-SPE-074
22953,10561,2,33.2025,69.5165,2611,26,KST-SPE-075
22954,220,2,33.1459,69.6615,2606,26,KST-TNI-091
22955,186,2,33.1051,69.5941,2606,26,KST-TNI-063
22956,57,2,33.1241,69.6016,2606,26,KST-TNI-115
22957,703,2,33.1228,69.6493,2606,26,KST-TNI-116
22958,631,2,33.1144,69.6082,2606,26,KST-TNI-126
22959,355,2,33.1807,69.6438,2606,26,KST-TNI-067
22960,1374,2,33.1534,69.6655,2606,26,KST-TNI-113
22961,1884,2,33.1757,69.6479,2606,26,KST-TNI-027
22962,1068,2,33.1366,69.6624,2606,26,KST-TNI-114
22963,2111,2,33.1534,69.6223,2606,26,KST-TNI-058
22964,686,2,33.1168,69.6237,2606,26,KST-TNI-119
22965,322,2,33.1801,69.6501,2606,26,KST-TNI-030
22966,426,2,33.1212,69.6565,2606,26,KST-TNI-059
22967,45,2,33.1407,69.6203,2606,26,KST-TNI-109
22968,334,2,33.1325,69.657,2606,26,KST-TNI-102
22969,285,2,33.1318,69.6147,2606,26,KST-TNI-090
22970,893,2,33.1453,69.6695,2606,26,KST-TNI-038
22971,136,2,33.1405,69.6686,2606,26,KST-TNI-065
22974,339,2,33.2756,69.5984,2610,26,KST-SML-035
22975,325,2,33.2816,69.5812,2610,26,KST-SML-034
22976,206,2,33.28875,69.578319,2610,26,KST-SML-009
22977,718,2,33.2908,69.5706,2610,26,KST-SML-031
22978,718,2,33.2908,69.5706,2610,26,KST-SML-032
22979,718,2,33.2908,69.5706,2610,26,KST-SML-033
22980,105,2,33.299722,69.558987,2610,26,KST-SML-026
22981,613,2,33.305583,69.554291,2610,26,KST-SML-004
22982,613,2,33.3035,69.5537,2610,26,KST-SML-029
22983,6304,2,33.3113,69.5499,2610,26,KST-SML-028
22984,611,2,33.313827,69.544157,2610,26,KST-SML-012
22985,577,2,33.3221,69.5389,2610,26,KST-SML-030
22986,419,2,33.2535,69.5756,2611,26,KST-SPE-025
22987,400,2,33.2466,69.5692,2611,26,KST-SPE-058
22988,577,2,33.3221,69.5389,2610,26,KST-SML-024
22989,188,2,33.3169,69.5386,2610,26,KST-SML-005
22991,101,2,33.3365,69.5392,2610,26,KST-SML-014
22992,634,2,33.3464,69.5267,2610,26,KST-SML-002
22993,664,2,33.3394,69.5536,2610,26,KST-SML-016
22994,510,2,33.3507,69.5117,2610,26,KST-SML-017
22995,2471,2,33.3466,69.4977,2610,26,KST-SML-022
22996,840,2,33.2788,69.5891,2610,26,KST-SML-023
22997,406,2,33.2852,69.6001,2610,26,KST-SML-008
22998,437,2,33.2829,69.6092,2610,26,KST-SML-019
22999,339,2,33.2756,69.5984,2610,26,KST-SML-021
23000,325,2,33.2816,69.5812,2610,26,KST-SML-013
23001,718,2,33.2908,69.5706,2610,26,KST-SML-010
23002,1191,2,33.2924,69.5343,2610,26,KST-SML-011
23003,116,2,33.2775,69.5175,2610,26,KST-SML-007
23004,6304,2,33.3113,69.5499,2610,26,KST-SML-027
23005,110,2,33.3099,69.5482,2610,26,KST-SML-020
23006,273,2,33.2949,69.4963,2610,26,KST-SML-006
23007,303,2,33.2974,69.5251,2610,26,KST-SML-018
23008,1086,2,33.2959,69.5046,2610,26,KST-SML-015
23009,749,2,33.29,69.4667,2610,26,KST-SML-025
23010,205,2,33.2948,69.4895,2610,26,KST-SML-003
23016,261,2,33.2463,69.8594,2606,26,KST-TNI-085
23017,288,2,33.2601,69.8725,2606,26,KST-TNI-066
23018,799,2,33.2647,69.8719,2606,26,KST-TNI-032
23019,790,2,33.2548,69.8706,2606,26,KST-TNI-074
23020,232,2,33.2576,69.869,2606,26,KST-TNI-042
23021,1038,2,33.2498,69.8678,2606,26,KST-TNI-047
23022,120,2,33.2744,69.8616,2606,26,KST-TNI-026
23023,536,2,33.2955,69.8526,2606,26,KST-TNI-024
23024,419,2,33.2836,69.8598,2606,26,KST-TNI-128
23025,166,2,33.1784,69.8446,2607,26,KST-GRB-023
23026,91,2,33.1865,69.8624,2607,26,KST-GRB-014
23027,430,2,33.2511,69.7847,2606,26,KST-TNI-082
23028,146,2,33.2442,69.7845,2606,26,KST-TNI-125
23029,79,2,33.2484,69.8126,2606,26,KST-TNI-099
23030,216,2,33.2567,69.7935,2606,26,KST-TNI-040
23031,759,2,33.2336,69.8459,2606,26,KST-TNI-051
23032,325,2,33.2296,69.8508,2606,26,KST-TNI-039
23033,129,2,33.2262,69.835,2606,26,KST-TNI-112
23034,80,2,33.2597,69.821,2606,26,KST-TNI-062
23035,118,2,33.2643,69.8494,2606,26,KST-TNI-077
23036,50,2,33.2359,69.8392,2606,26,KST-TNI-075
23037,343,2,33.2217,69.8493,2606,26,KST-TNI-057
23038,5302,2,33.2401,69.8275,2606,26,KST-TNI-068
23039,175,2,33.2471,69.7926,2606,26,KST-TNI-055
23040,453,2,33.2406,69.7911,2606,26,KST-TNI-122
23041,499,2,33.2131,69.8184,2606,26,KST-TNI-133
23042,186,2,33.2568,69.8136,2606,26,KST-TNI-134
23043,357,2,33.228,69.8455,2606,26,KST-TNI-078
23044,140,2,33.2105,69.8146,2606,26,KST-TNI-044
23045,29,2,33.2567,69.8516,2606,26,KST-TNI-070
23046,406,2,33.2585,69.8426,2606,26,KST-TNI-120
23047,111,2,33.2584,69.8004,2606,26,KST-TNI-096
23048,122,2,33.2485,69.7787,2606,26,KST-TNI-106
23049,303,2,33.2545,69.8286,2606,26,KST-TNI-130
23050,10100,2,33.2436,69.83,2606,26,KST-TNI-135
23051,87,2,33.2255,69.8148,2606,26,KST-TNI-043
23052,965,2,33.1632,69.7595,2606,26,KST-TNI-036
23053,1708,2,33.1783,69.7934,2606,26,KST-TNI-037
23054,688,2,33.2797,69.8214,2606,26,KST-TNI-104
23055,47,2,33.228,69.7631,2606,26,KST-TNI-076
23056,861,2,33.1637,69.7525,2606,26,KST-TNI-131
23057,18,2,33.2273,69.7822,2606,26,KST-TNI-071
23058,339,2,33.233,69.7569,2606,26,KST-TNI-121
23059,210,2,33.1763,69.7303,2606,26,KST-TNI-097
23060,59,2,33.2761,69.8133,2606,26,KST-TNI-033
23061,30,2,33.2301,69.7796,2606,26,KST-TNI-079
23062,378,2,33.1657,69.7568,2606,26,KST-TNI-103
23063,410,2,33.1932,69.8085,2606,26,KST-TNI-064
23064,217,2,33.2166,69.7638,2606,26,KST-TNI-094
23065,75,2,33.2345,69.7854,2606,26,KST-TNI-054
23066,113,2,33.2009,69.7827,2606,26,KST-TNI-084
23067,564,2,33.1087,69.7016,2606,26,KST-TNI-101
23068,1502,2,33.1547,69.7038,2606,26,KST-TNI-087
23069,57,2,33.2042,69.7865,2606,26,KST-TNI-124
23070,2042,2,33.1491,69.701,2606,26,KST-TNI-088
23071,108,2,33.2159,69.7944,2606,26,KST-TNI-028
23074,1156,2,33.32486,69.83222,2605,26,KST-MZI-025
23075,1040,2,33.34736,69.74266,2604,26,KST-NSK-044
23076,331,2,33.27736,69.8001,2606,26,KST-TNI-136
23085,96,2,33.29169,69.82107,2605,26,KST-MZI-022
23086,399,2,33.33858,69.81522,2605,26,KST-MZI-023
23087,807,2,33.3163,69.74129,2605,26,KST-MZI-024
23088,466,2,33.34485,69.80216,2605,26,KST-MZI-027
23089,809,2,33.2453,69.7566,2606,26,KST-TNI-105
23090,1117,2,33.2374,69.7433,2606,26,KST-TNI-049
23091,818,2,33.3566,69.8434,2601,26,KST-KHS-145
23092,526,2,33.3066,69.8509,2605,26,KST-MZI-028
23093,1391,2,33.313,69.8416,2605,26,KST-MZI-030
23094,464,2,33.2988,69.8422,2605,26,KST-MZI-033
23095,557,2,33.3396,69.8295,2605,26,KST-MZI-036
23096,1527,2,33.328,69.8437,2605,26,KST-MZI-047
23097,1408,2,33.3379,69.8468,2605,26,KST-MZI-051
23098,808,2,33.3131,69.846,2605,26,KST-MZI-054
23099,783,2,33.3199,69.8411,2605,26,KST-MZI-060
23100,1102,2,33.3456,69.8256,2605,26,KST-MZI-062
23101,560,2,33.3048,69.8431,2605,26,KST-MZI-072
23102,234,2,33.406,69.8034,2604,26,KST-NSK-011
23103,633,2,33.3647,69.8028,2601,26,KST-KHS-119
23104,2741,2,33.3742,69.7607,2604,26,KST-NSK-036
23105,749,2,33.3665,69.7601,2604,26,KST-NSK-030
23106,1413,2,33.3553,69.7606,2604,26,KST-NSK-020
23107,1477,2,33.3588,69.739,2604,26,KST-NSK-021
23108,1436,2,33.3705,69.7396,2604,26,KST-NSK-032
23109,842,2,33.4176,69.7519,2604,26,KST-NSK-013
23110,349,2,33.3778,69.759,2604,26,KST-NSK-031
23111,385,2,33.4239,69.7907,2604,26,KST-NSK-034
23112,1346,2,33.381,69.7719,2604,26,KST-NSK-042
23113,3032,2,33.3628,69.7924,2601,26,KST-KHS-166
23114,173,2,33.2636,69.7849,2606,26,KST-TNI-045
23115,1996,2,33.2561,69.7348,2606,26,KST-TNI-060
23116,105,2,33.2723,69.798,2606,26,KST-TNI-050
23117,435,2,33.2515,69.769,2606,26,KST-TNI-072
23118,237,2,33.2655,69.7585,2606,26,KST-TNI-095
23119,1198,2,33.3171,69.8166,2605,26,KST-MZI-029
23120,710,2,33.3149,69.834,2605,26,KST-MZI-031
23121,799,2,33.3078,69.8114,2605,26,KST-MZI-032
23122,1530,2,33.3066,69.8279,2605,26,KST-MZI-034
23123,2689,2,33.2962,69.7864,2605,26,KST-MZI-035
23124,595,2,33.3148,69.7853,2605,26,KST-MZI-038
23125,2029,2,33.2991,69.7365,2605,26,KST-MZI-040
23126,737,2,33.3157,69.7785,2605,26,KST-MZI-041
23127,1509,2,33.3116,69.749,2605,26,KST-MZI-043
23128,1342,2,33.3075,69.7983,2605,26,KST-MZI-045
23129,1092,2,33.3089,69.7922,2605,26,KST-MZI-046
23130,651,2,33.2956,69.7452,2605,26,KST-MZI-048
23131,331,2,33.2774,69.8001,2605,26,KST-MZI-050
23132,1070,2,33.3131,69.76,2605,26,KST-MZI-052
23133,293,2,33.3145,69.77,2605,26,KST-MZI-053
23134,833,2,33.3559,69.8177,2605,26,KST-MZI-056
23135,404,2,33.2985,69.8194,2605,26,KST-MZI-057
23136,173,2,33.319,69.7477,2605,26,KST-MZI-058
23137,1333,2,33.2995,69.7667,2605,26,KST-MZI-059
23138,1949,2,33.3181,69.8087,2605,26,KST-MZI-063
23139,376,2,33.3054,69.8082,2605,26,KST-MZI-064
23140,272,2,33.3005,69.7419,2605,26,KST-MZI-065
23141,598,2,33.3089,69.8074,2605,26,KST-MZI-066
23142,519,2,33.317,69.7884,2605,26,KST-MZI-067
23143,1196,2,33.2996,69.751,2605,26,KST-MZI-069
23144,164,2,33.2998,69.8041,2605,26,KST-MZI-070
23145,552,2,33.3243,69.8218,2605,26,KST-MZI-071
23146,555,2,33.319,69.7972,2605,26,KST-MZI-073
23147,1647,2,33.3004,69.7754,2605,26,KST-MZI-075
23148,941,2,33.3208,69.8273,2605,26,KST-MZI-076
23149,392,2,33.3178,69.8241,2605,26,KST-MZI-077
23150,156,2,33.3053,69.7865,2605,26,KST-MZI-078
23151,254,2,33.3201,69.7667,2605,26,KST-MZI-080
23152,2257,2,33.3069,69.7887,2605,26,KST-MZI-082
23157,916,2,33.30067,69.69529,2604,26,KST-NSK-046
23158,176,2,33.38098,69.72602,2604,26,KST-NSK-045
23160,228,2,33.32375,69.7263,2605,26,KST-MZI-026
23161,111,2,33.188,69.654,2606,26,KST-TNI-023
23162,200,2,33.1562,69.6755,2606,26,KST-TNI-108
23163,716,2,33.2206,69.6916,2606,26,KST-TNI-056
23164,349,2,33.1554,69.6962,2606,26,KST-TNI-046
23165,530,2,33.1815,69.7012,2606,26,KST-TNI-123
23166,908,2,33.1926,69.7058,2606,26,KST-TNI-093
23167,1121,2,33.1577,69.6888,2606,26,KST-TNI-111
23168,417,2,33.1848,69.701,2606,26,KST-TNI-080
23169,258,2,33.1892,69.6764,2606,26,KST-TNI-069
23170,1892,2,33.2017,69.7219,2606,26,KST-TNI-118
23171,1764,2,33.3357,69.6738,2604,26,KST-NSK-026
23172,778,2,33.3001,69.6614,2604,26,KST-NSK-027
23173,8900,2,33.3112,69.6848,2604,26,KST-NSK-043
23174,2857,2,33.2983,69.6386,2604,26,KST-NSK-023
23175,913,2,33.2905,69.6241,2604,26,KST-NSK-018
23176,1082,2,33.2991,69.6687,2604,26,KST-NSK-022
23177,431,2,33.3607,69.6905,2604,26,KST-NSK-038
23178,1643,2,33.3068,69.6852,2604,26,KST-NSK-017
23179,301,2,33.2945,69.6793,2604,26,KST-NSK-010
23180,846,2,33.384,69.7185,2604,26,KST-NSK-028
23181,408,2,33.3781,69.7351,2604,26,KST-NSK-015
23182,74,2,33.3896,69.707,2604,26,KST-NSK-009
23183,350,2,33.3862,69.71,2604,26,KST-NSK-016
23184,854,2,33.3919,69.6945,2604,26,KST-NSK-014
23185,326,2,33.174,69.6968,2606,26,KST-TNI-025
23186,520,2,33.1758,69.6583,2606,26,KST-TNI-089
23187,1076,2,33.2337,69.7073,2606,26,KST-TNI-048
23188,108,2,33.175,69.6758,2606,26,KST-TNI-081
23189,1113,2,33.1975,69.7063,2606,26,KST-TNI-117
23190,891,2,33.2726,69.6939,2606,26,KST-TNI-041
23191,957,2,33.3057,69.6973,2605,26,KST-MZI-037
23192,6305,2,33.3081,69.7083,2605,26,KST-MZI-042
23193,471,2,33.3093,69.7317,2605,26,KST-MZI-044
23194,998,2,33.2945,69.7022,2605,26,KST-MZI-049
23195,713,2,33.3126,69.7257,2605,26,KST-MZI-055
23196,761,2,33.2986,69.7195,2605,26,KST-MZI-068
23197,780,2,33.3069,69.7195,2605,26,KST-MZI-074
23198,781,2,33.3109,69.7363,2605,26,KST-MZI-079
23199,6201,2,33.307,69.6982,2605,26,KST-MZI-081
23200,221,2,33.56409,69.58926,2603,26,KST-MSK-004
23205,1661,2,33.5589,69.5793,2603,26,KST-MSK-019
23206,705,2,33.5463,69.5479,2603,26,KST-MSK-022
23207,608,2,33.5785,69.607,2603,26,KST-MSK-039
23208,350,2,33.5747,69.6031,2603,26,KST-MSK-065
23209,529,2,33.5408,69.5263,2603,26,KST-MSK-069
23210,474,2,33.5825,69.6169,2603,26,KST-MSK-072
23211,451,2,33.5545,69.5651,2603,26,KST-MSK-076
23212,494,2,33.5199,69.6673,2609,26,KST-QLD-007
23213,199,2,33.5229,69.6619,2609,26,KST-QLD-008
23214,173,2,33.4815,69.643,2609,26,KST-QLD-010
23215,2001,2,33.4664,69.6168,2609,26,KST-QLD-011
23216,34,2,33.4722,69.655,2609,26,KST-QLD-012
23217,19,2,33.4659,69.6387,2609,26,KST-QLD-013
23218,1266,2,33.4868,69.6315,2609,26,KST-QLD-014
23219,916,2,33.5037,69.6881,2609,26,KST-QLD-017
23220,341,2,33.4693,69.6535,2609,26,KST-QLD-018
23221,1003,2,33.5123,69.6746,2609,26,KST-QLD-019
23222,628,2,33.4674,69.6942,2609,26,KST-QLD-020
23223,647,2,33.5356,69.6308,2609,26,KST-QLD-022
23224,225,2,33.4657,69.6886,2609,26,KST-QLD-023
23225,64,2,33.4675,69.6642,2609,26,KST-QLD-024
23226,115,2,33.5377,69.6379,2609,26,KST-QLD-026
23227,160,2,33.4769,69.6424,2609,26,KST-QLD-028
23228,1125,2,33.5358,69.6086,2609,26,KST-QLD-029
23229,332,2,33.4831,69.6385,2609,26,KST-QLD-030
23230,241,2,33.4665,69.6302,2609,26,KST-QLD-031
23231,1038,2,33.4705,69.6214,2609,26,KST-QLD-032
23232,1339,2,33.4636,69.6711,2609,26,KST-QLD-033
23233,889,2,33.526,69.6241,2609,26,KST-QLD-034
23234,114,2,33.4648,69.6605,2609,26,KST-QLD-037
23235,337,2,33.4692,69.6185,2609,26,KST-QLD-038
23236,7599,2,33.5023,69.6883,2609,26,KST-QLD-039
23237,1668,2,33.4668,69.645,2609,26,KST-QLD-040
23238,267,2,33.4076,69.6453,2604,26,KST-NSK-019
23239,173,2,33.429,69.5877,2604,26,KST-NSK-040
23240,521,2,33.4187,69.6248,2604,26,KST-NSK-012
23241,138,2,33.4314,69.6164,2604,26,KST-NSK-041
23242,1538,2,33.4023,69.62,2604,26,KST-NSK-037
23243,339,2,33.4267,69.6067,2604,26,KST-NSK-039
23244,330,2,33.4397,69.6043,2604,26,KST-NSK-024
23245,719,2,33.3978,69.6772,2604,26,KST-NSK-025
23246,383,2,33.3978,69.6869,2604,26,KST-NSK-035
23247,874,2,33.4008,69.6628,2604,26,KST-NSK-029
23250,184,2,33.4497,69.8374,2603,26,KST-MSK-007
23251,2769,2,33.5285,69.8891,2602,26,KST-SBR-007
23252,789,2,33.6477,69.9037,2602,26,KST-SBR-008
23253,785,2,33.51,69.8552,2602,26,KST-SBR-009
23254,299,2,33.6301,69.921,2602,26,KST-SBR-012
23255,117,2,33.633,69.8726,2602,26,KST-SBR-014
23256,3333,2,33.577,69.8208,2602,26,KST-SBR-015
23257,306,2,33.5118,69.9033,2602,26,KST-SBR-016
23258,1290,2,33.575,69.8224,2602,26,KST-SBR-017
23259,838,2,33.5181,69.8964,2602,26,KST-SBR-020
23260,126,2,33.5504,69.8303,2602,26,KST-SBR-023
23261,251,2,33.6164,69.8603,2602,26,KST-SBR-024
23262,1664,2,33.5052,69.9315,2602,26,KST-SBR-026
23263,763,2,33.5509,69.8826,2602,26,KST-SBR-027
23264,518,2,33.5159,69.8756,2602,26,KST-SBR-030
23265,352,2,33.6727,69.9441,2602,26,KST-SBR-031
23266,2377,2,33.5163,69.9174,2602,26,KST-SBR-032
23267,907,2,33.5148,69.873,2602,26,KST-SBR-033
23268,387,2,33.629,69.9102,2602,26,KST-SBR-034
23269,250,2,33.6281,69.9299,2602,26,KST-SBR-035
23270,2417,2,33.5614,69.9239,2602,26,KST-SBR-036
23271,588,2,33.5429,69.8231,2602,26,KST-SBR-038
23272,272,2,33.6676,69.9417,2602,26,KST-SBR-039
23273,399,2,33.5247,69.944,2602,26,KST-SBR-040
23274,160,2,33.6364,69.9359,2602,26,KST-SBR-041
23275,288,2,33.5616,69.8168,2602,26,KST-SBR-043
23276,1893,2,33.4929,69.922,2602,26,KST-SBR-048
23277,360,2,33.548,69.9094,2602,26,KST-SBR-049
23278,392,2,33.543,69.8765,2602,26,KST-SBR-053
23279,190,2,33.51,69.8942,2602,26,KST-SBR-055
23280,972,2,33.5381,69.9077,2602,26,KST-SBR-056
23281,514,2,33.5093,69.8803,2602,26,KST-SBR-057
23282,1286,2,33.604,69.9402,2602,26,KST-SBR-059
23283,1308,2,33.5637,69.9488,2602,26,KST-SBR-060
23284,765,2,33.5091,69.9457,2602,26,KST-SBR-061
23285,1595,2,33.5288,69.8687,2602,26,KST-SBR-062
23286,638,2,33.5165,69.9281,2602,26,KST-SBR-063
23287,2206,2,33.5019,69.9047,2602,26,KST-SBR-065
23288,293,2,33.4832,69.9362,2602,26,KST-SBR-066
23289,526,2,33.5706,69.8282,2602,26,KST-SBR-069
23290,192,2,33.5648,69.8089,2602,26,KST-SBR-070
23291,758,2,33.5227,69.8817,2602,26,KST-SBR-071
23292,1409,2,33.543,69.9462,2602,26,KST-SBR-072
23293,1805,2,33.5524,69.9512,2602,26,KST-SBR-073
23294,363,2,33.5134,69.8906,2602,26,KST-SBR-077
23295,638,2,33.5638,69.9303,2602,26,KST-SBR-079
23296,2415,2,33.5311,69.944,2602,26,KST-SBR-080
23297,448,2,33.6332,69.8972,2602,26,KST-SBR-081
23298,431,2,33.5141,69.9423,2602,26,KST-SBR-083
23299,227,2,33.5829,69.9043,2602,26,KST-SBR-084
23300,889,2,33.4897,69.912,2602,26,KST-SBR-085
23301,664,2,33.4742,69.9034,2602,26,KST-SBR-086
23302,81,2,33.6139,69.9183,2602,26,KST-SBR-088
23303,5495,2,33.5629,69.8768,2602,26,KST-SBR-089
23304,1032,2,33.5281,69.9425,2602,26,KST-SBR-090
23305,649,2,33.6371,69.8471,2602,26,KST-SBR-091
23306,9089,2,33.5774,69.8842,2602,26,KST-SBR-092
23307,332,2,33.6741,69.9806,2613,26,KST-JMN-016
23308,449,2,33.6544,69.9682,2613,26,KST-JMN-021
23310,311,2,33.6487,69.9941,2613,26,KST-JMN-039
23311,441,2,33.6637,69.9865,2613,26,KST-JMN-041
23312,279,2,33.6595,69.9774,2613,26,KST-JMN-044
23313,419,2,33.6393,69.9709,2613,26,KST-JMN-064
23314,763,2,33.6449,69.9898,2613,26,KST-JMN-070
23315,343,2,33.35126,69.94665,2601,26,KST-KHS-184
23316,992,2,33.34332,69.92485,2601,26,KST-KHS-187
23317,1204,2,33.37421,70.01575,2601,26,KST-KHS-183
23319,139,2,33.34158,70.02436,2601,26,KST-KHS-191
23320,794,2,33.31118,69.96515,2601,26,KST-KHS-193
23322,2603,2,33.34297,69.99685,2601,26,KST-KHS-192
23326,414,2,33.32595,69.94926,2601,26,KST-KHS-186
23327,1955,2,33.35013,69.90864,2601,26,KST-KHS-194
23328,866,2,33.35386,69.91379,2601,26,KST-KHS-185
23330,964,2,33.445,69.8532,2603,26,KST-MSK-015
23331,68,2,33.428,69.8439,2603,26,KST-MSK-048
23332,1095,2,33.4377,69.8296,2603,26,KST-MSK-066
23333,330,2,33.3102,69.9499,2607,26,KST-GRB-056
23334,378,2,33.3261,69.9429,2601,26,KST-KHS-121
23335,2363,2,33.3593,69.9054,2601,26,KST-KHS-165
23336,2111,2,33.3341,69.8932,2601,26,KST-KHS-056
23337,327,2,33.3512,69.9196,2601,26,KST-KHS-104
23338,391,2,33.3125,69.9254,2601,26,KST-KHS-078
23339,1073,2,33.3146,69.9472,2601,26,KST-KHS-032
23340,1111,2,33.3535,69.9531,2601,26,KST-KHS-043
23341,1123,2,33.3541,69.943,2601,26,KST-KHS-079
23342,254,2,33.3231,69.902,2601,26,KST-KHS-091
23343,1434,2,33.3167,69.8869,2601,26,KST-KHS-158
23344,1298,2,33.3262,69.9062,2601,26,KST-KHS-098
23345,2834,2,33.3274,69.955,2601,26,KST-KHS-092
23346,1025,2,33.3542,69.9213,2601,26,KST-KHS-048
23347,765,2,33.3372,69.9554,2601,26,KST-KHS-070
23348,415,2,33.3364,69.9685,2601,26,KST-KHS-123
23349,3182,2,33.3676,69.9109,2601,26,KST-KHS-034
23350,78,2,33.3114,69.9364,2601,26,KST-KHS-141
23351,1203,2,33.3616,69.9204,2601,26,KST-KHS-162
23352,1332,2,33.3206,69.9443,2601,26,KST-KHS-103
23353,150,2,33.3294,69.965,2601,26,KST-KHS-122
23354,562,2,33.3352,69.9356,2601,26,KST-KHS-136
23355,164,2,33.3476,70.0346,2601,26,KST-KHS-124
23356,814,2,33.3306,69.992,2601,26,KST-KHS-047
23357,837,2,33.3941,69.8716,2601,26,KST-KHS-147
23358,314,2,33.341,69.9751,2601,26,KST-KHS-059
23359,326,2,33.3363,69.9968,2601,26,KST-KHS-037
23360,452,2,33.3138,69.9677,2601,26,KST-KHS-107
23361,907,2,33.3687,70.0278,2601,26,KST-KHS-155
23362,8593,2,33.3625,69.9888,2601,26,KST-KHS-084
23363,304,2,33.3268,70.0223,2601,26,KST-KHS-094
23364,307,2,33.3304,70.0015,2601,26,KST-KHS-164
23365,300,2,33.3504,70.0323,2601,26,KST-KHS-153
23366,728,2,33.3523,69.9913,2601,26,KST-KHS-156
23367,133,2,33.3251,70.0043,2601,26,KST-KHS-143
23368,963,2,33.336,70.0338,2601,26,KST-KHS-060
23369,766,2,33.3194,69.976,2601,26,KST-KHS-171
23370,115,2,33.3508,70.0273,2601,26,KST-KHS-024
23371,796,2,33.3633,69.9961,2601,26,KST-KHS-106
23372,2672,2,33.3862,69.9104,2601,26,KST-KHS-074
23373,533,2,33.3289,69.9758,2601,26,KST-KHS-169
23374,48,2,33.345,70.0274,2601,26,KST-KHS-140
23375,684,2,33.3352,69.9843,2601,26,KST-KHS-174
23376,90,2,33.3861,69.889,2601,26,KST-KHS-150
23377,255,2,33.334,70.0134,2601,26,KST-KHS-038
23378,596,2,33.36,70.0044,2601,26,KST-KHS-128
23379,1472,2,33.3495,70.0028,2601,26,KST-KHS-044
23380,1073,2,33.3412,69.9841,2601,26,KST-KHS-157
23381,1674,2,33.3726,70.025,2601,26,KST-KHS-137
23382,838,2,33.3406,70.013,2601,26,KST-KHS-112
23383,1991,2,33.3662,70.0115,2601,26,KST-KHS-097
23384,3093,2,33.3463,69.9765,2601,26,KST-KHS-064
23385,1855,2,33.3177,69.8654,2601,26,KST-KHS-085
23386,161,2,33.3869,70.0065,2601,26,KST-KHS-142
23387,830,2,33.3595,70.0172,2601,26,KST-KHS-071
23388,673,2,33.3204,69.9968,2601,26,KST-KHS-170
23389,256,2,33.315,69.9792,2601,26,KST-KHS-127
23390,353,2,33.3509,70.0199,2601,26,KST-KHS-058
23391,313,2,33.3242,69.9941,2601,26,KST-KHS-151
23392,796,2,33.3213,70.04,2601,26,KST-KHS-057
23393,389,2,33.3441,70.0188,2601,26,KST-KHS-148
23394,1064,2,33.4087,69.8796,2601,26,KST-KHS-082
23395,527,2,33.3351,69.9778,2601,26,KST-KHS-138
23396,987,2,33.3605,69.9257,2601,26,KST-KHS-049
23397,490,2,33.3367,69.8768,2601,26,KST-KHS-102
23398,1129,2,33.3273,69.8753,2601,26,KST-KHS-175
23399,685,2,33.3511,69.9237,2601,26,KST-KHS-065
23400,841,2,33.3436,69.9336,2601,26,KST-KHS-120
23401,834,2,33.3276,69.9232,2601,26,KST-KHS-027
23402,555,2,33.3594,69.9309,2601,26,KST-KHS-163
23403,655,2,33.3616,69.9369,2601,26,KST-KHS-117
23404,3339,2,33.331,69.9337,2601,26,KST-KHS-116
23405,750,2,33.3632,69.9004,2601,26,KST-KHS-083
23406,1780,2,33.346,69.9174,2601,26,KST-KHS-108
23407,600,2,33.3214,69.8818,2601,26,KST-KHS-069
23408,1562,2,33.3457,69.8674,2601,26,KST-KHS-090
23409,5712,2,33.3548,69.8806,2601,26,KST-KHS-146
23410,747,2,33.3474,69.9325,2601,26,KST-KHS-131
23411,358,2,33.3533,69.9035,2601,26,KST-KHS-077
23412,2223,2,33.3548,69.9565,2601,26,KST-KHS-062
23413,624,2,33.3551,69.919,2601,26,KST-KHS-073
23414,1276,2,33.3184,69.9321,2601,26,KST-KHS-132
23415,897,2,33.3644,69.9163,2601,26,KST-KHS-076
23416,9500,2,33.3375,69.9169,2601,26,KST-KHS-178
23417,1005,2,33.3456,69.9454,2601,26,KST-KHS-068
23418,561,2,33.3209,69.9158,2601,26,KST-KHS-173
23419,1351,2,33.3476,69.9043,2601,26,KST-KHS-029
23420,949,2,33.3383,69.9333,2601,26,KST-KHS-129
23421,862,2,33.35,69.9244,2601,26,KST-KHS-053
23422,687,2,33.3408,69.9538,2601,26,KST-KHS-095
23423,498,2,33.3584,69.9102,2601,26,KST-KHS-154
23424,1595,2,33.3256,69.8589,2605,26,KST-MZI-039
23425,328,2,33.3216,69.8536,2605,26,KST-MZI-061
23426,814,2,33.4392,69.8874,2601,26,KST-KHS-088
23432,1987,2,33.31344,69.87865,2601,26,KST-KHS-180
23435,946,2,33.31418,69.86254,2605,26,KST-MZI-021
23436,247,2,33.2723,69.9263,2607,26,KST-GRB-031
23437,363,2,33.2625,69.9124,2607,26,KST-GRB-057
23438,13828,2,33.288,69.9127,2607,26,KST-GRB-058
23439,110,2,33.2933,69.9199,2607,26,KST-GRB-019
23440,320,2,33.2696,69.9476,2607,26,KST-GRB-009
23441,350,2,33.2624,69.8897,2607,26,KST-GRB-007
23442,158,2,33.2972,69.8944,2607,26,KST-GRB-022
23443,219,2,33.2864,69.8851,2607,26,KST-GRB-020
23444,109,2,33.3095,69.9446,2607,26,KST-GRB-035
23445,698,2,33.2398,69.906,2607,26,KST-GRB-051
23446,1003,1,33.2761,69.882,2607,26,KST-GRB-030
23447,538,2,33.2461,69.9207,2607,26,KST-GRB-048
23448,450,2,33.2825,69.9497,2607,26,KST-GRB-024
23449,513,2,33.2754,69.9383,2607,26,KST-GRB-036
23450,386,2,33.2644,69.9465,2607,26,KST-GRB-029
23451,138,2,33.2944,69.9426,2607,26,KST-GRB-016
23452,77,2,33.2937,69.8889,2607,26,KST-GRB-017
23453,595,2,33.2471,69.8963,2607,26,KST-GRB-026
23454,898,2,33.2956,69.9327,2607,26,KST-GRB-047
23455,334,2,33.2601,69.8978,2607,26,KST-GRB-040
23456,245,2,33.2854,69.9624,2607,26,KST-GRB-045
23457,1453,2,33.2867,69.9098,2607,26,KST-GRB-046
23458,624,2,33.2634,69.9023,2607,26,KST-GRB-034
23459,307,2,33.196,69.9757,2607,26,KST-GRB-044
23460,353,2,33.2732,70.0044,2607,26,KST-GRB-054
23461,288,2,33.2615,70.0208,2607,26,KST-GRB-011
23462,407,2,33.2055,69.9723,2607,26,KST-GRB-049
23463,685,2,33.2017,70.0192,2607,26,KST-GRB-037
23464,501,2,33.229,70.0079,2607,26,KST-GRB-041
23465,344,2,33.1485,69.9923,2607,26,KST-GRB-043
23466,698,2,33.1444,70.0125,2607,26,KST-GRB-018
23467,177,2,33.1403,69.9544,2607,26,KST-GRB-053
23468,2722,2,33.1716,70.0133,2607,26,KST-GRB-033
23469,278,2,33.15,69.9824,2607,26,KST-GRB-021
23470,390,2,33.1443,69.9658,2607,26,KST-GRB-028
23471,183,2,33.2327,70.0195,2607,26,KST-GRB-050
23472,329,2,33.2836,69.8735,2607,26,KST-GRB-042
23473,1843,2,33.2362,70.007,2607,26,KST-GRB-052
23474,117,2,33.256,70.0163,2607,26,KST-GRB-015
23475,235,2,33.2253,69.9444,2607,26,KST-GRB-012
23476,525,2,33.2982,69.9701,2607,26,KST-GRB-032
23477,1081,2,33.2576,70.0076,2607,26,KST-GRB-027
23478,201,2,33.2515,69.8946,2607,26,KST-GRB-038
23479,1646,2,33.234,69.9225,2607,26,KST-GRB-013
23480,383,2,33.2657,69.9524,2607,26,KST-GRB-010
23481,318,2,33.2677,69.8986,2607,26,KST-GRB-025
23482,501,2,33.2832,69.9189,2607,26,KST-GRB-008
23483,1297,2,33.2985,69.9254,2607,26,KST-GRB-055
23484,1042,2,33.3029,69.9021,2601,26,KST-KHS-167
23485,121,2,33.3061,69.9733,2601,26,KST-KHS-113
23486,834,2,33.2865,70.0086,2601,26,KST-KHS-093
23487,2343,2,33.3076,69.8667,2601,26,KST-KHS-161
23488,187,2,33.2964,69.8811,2601,26,KST-KHS-139
23489,908,2,33.309,69.8804,2601,26,KST-KHS-160
23490,342,2,33.3031,69.9181,2601,26,KST-KHS-105
23491,475,2,33.3104,69.9206,2601,26,KST-KHS-134
23492,1187,2,33.3075,69.9205,2601,26,KST-KHS-026
23493,2684,2,33.3129,69.8985,2601,26,KST-KHS-099
23494,593,2,33.3018,69.8949,2601,26,KST-KHS-066
23495,447,2,33.2888,70.0519,2601,26,KST-KHS-130
23496,599,2,33.2998,70.038,2601,26,KST-KHS-055
23497,580,2,33.2692,69.8719,2606,26,KST-TNI-127
23498,128,2,33.2551,69.8906,2606,26,KST-TNI-129
23499,323,2,33.2599,69.8792,2606,26,KST-TNI-061
23500,163,2,33.2806,69.865,2606,26,KST-TNI-092
23501,425,2,33.2885,69.8645,2606,26,KST-TNI-110
23502,329,2,33.2792,70.0585,2601,26,KST-KHS-072
23503,783,2,33.426947,70.060864,2608,26,KST-TZY-050
23505,514,2,33.434272,70.060155,2608,26,KST-TZY-048
23509,783,2,33.428,70.0591,2608,26,KST-TZY-086
23512,962,2,33.437294,70.078794,2608,26,KST-TZY-032
23513,653,2,33.4582,70.1218,2608,26,KST-TZY-078
23515,962,2,33.4383,70.0771,2608,26,KST-TZY-081
23518,434,2,33.4246,70.0736,2608,26,KST-TZY-082
23522,261,2,33.32289,70.07432,2601,26,KST-KHS-181
23523,520,2,33.38407,70.06707,2601,26,KST-KHS-182
23524,639,2,33.3973,70.09324,2608,26,KST-TZY-080
23526,983,2,33.30119,70.19691,2608,26,KST-TZY-079
23528,434,2,33.4246,70.0736,2608,26,KST-TZY-083
23529,711,2,33.4235,70.061,2608,26,KST-TZY-064
23530,533,2,33.4405,70.0616,2608,26,KST-TZY-073
23531,206,2,33.44,70.052,2608,26,KST-TZY-026
23532,442,2,33.3706,70.0329,2601,26,KST-KHS-135
23533,285,2,33.3744,70.0302,2601,26,KST-KHS-046
23534,1385,2,33.3602,70.0381,2601,26,KST-KHS-054
23535,302,2,33.3829,70.0292,2601,26,KST-KHS-089
23536,1230,2,33.3843,70.0536,2601,26,KST-KHS-080
23537,2449,2,33.3685,70.0382,2601,26,KST-KHS-042
23538,361,2,33.3561,70.042,2601,26,KST-KHS-125
23539,336,2,33.3251,70.0498,2601,26,KST-KHS-081
23540,1443,2,33.3837,70.0458,2601,26,KST-KHS-052
23541,1154,2,33.3707,70.0543,2601,26,KST-KHS-033
23542,923,2,33.4241,70.034,2608,26,KST-TZY-036
23543,1567,2,33.4336,70.0668,2608,26,KST-TZY-049
23544,485,2,33.4118,70.1305,2608,26,KST-TZY-053
23545,577,2,33.4113,70.1233,2608,26,KST-TZY-031
23546,546,2,33.4155,70.1291,2608,26,KST-TZY-072
23547,517,2,33.4576,70.0942,2608,26,KST-TZY-045
23548,84,2,33.4356,70.1434,2608,26,KST-TZY-071
23549,134,2,33.4495,70.1755,2608,26,KST-TZY-038
23550,707,2,33.4265,70.1358,2608,26,KST-TZY-055
23551,1167,2,33.4201,70.1423,2608,26,KST-TZY-021
23552,185,2,33.4386,70.0865,2608,26,KST-TZY-059
23553,1584,2,33.4485,70.0855,2608,26,KST-TZY-075
23554,6583,2,33.42,70.1352,2608,26,KST-TZY-076
23555,1337,2,33.4599,70.1059,2608,26,KST-TZY-030
23556,822,2,33.463,70.1034,2608,26,KST-TZY-051
23557,643,2,33.4556,70.1105,2608,26,KST-TZY-052
23558,398,2,33.4408,70.1243,2608,26,KST-TZY-041
23559,243,2,33.4587,70.0827,2608,26,KST-TZY-061
23560,1341,2,33.4631,70.0921,2608,26,KST-TZY-065
23561,1468,2,33.4648,70.0881,2608,26,KST-TZY-069
23562,429,2,33.4631,70.0959,2608,26,KST-TZY-023
23563,756,2,33.4527,70.0796,2608,26,KST-TZY-063
23564,151,2,33.4466,70.2295,2608,26,KST-TZY-046
23565,609,2,33.4458,70.0688,2608,26,KST-TZY-037
23566,434,2,33.4246,70.0736,2608,26,KST-TZY-039
23567,872,2,33.3598,70.0948,2601,26,KST-KHS-039
23568,1356,2,33.3476,70.0721,2601,26,KST-KHS-063
23569,863,2,33.3144,70.0676,2601,26,KST-KHS-109
23570,638,2,33.3552,70.0874,2601,26,KST-KHS-149
23571,300,2,33.4101,70.0779,2601,26,KST-KHS-096
23572,202,2,33.362,70.0708,2601,26,KST-KHS-050
23573,1147,2,33.3678,70.0699,2601,26,KST-KHS-051
23574,384,2,33.331,70.0689,2601,26,KST-KHS-101
23575,105,2,33.2766,70.0985,2601,26,KST-KHS-035
23576,717,2,33.3506,70.0794,2601,26,KST-KHS-075
23577,308,2,33.3596,70.0785,2601,26,KST-KHS-086
23578,591,2,33.3379,70.0772,2601,26,KST-KHS-036
23579,58,2,33.2936,70.0721,2601,26,KST-KHS-126
23580,699,2,33.3676,70.0771,2601,26,KST-KHS-031
23581,763,2,33.3722,70.0699,2601,26,KST-KHS-111
23582,1559,2,33.374,70.0918,2601,26,KST-KHS-030
23583,299,2,33.2929,70.1153,2601,26,KST-KHS-040
23584,156,2,33.4058,70.0819,2601,26,KST-KHS-152
23585,245,2,33.3643,70.0889,2601,26,KST-KHS-025
23586,498,2,33.3347,70.0716,2601,26,KST-KHS-110
23587,477,2,33.3501,70.0613,2601,26,KST-KHS-045
23588,850,2,33.386,70.083,2601,26,KST-KHS-159
23589,1284,2,33.3912,70.087,2601,26,KST-KHS-041
23590,1497,2,33.4131,70.0688,2601,26,KST-KHS-118
23591,533,2,33.312,70.0788,2601,26,KST-KHS-176
23592,569,2,33.3302,70.0804,2601,26,KST-KHS-144
23593,323,2,33.32,70.0728,2601,26,KST-KHS-061
23594,220,2,33.3441,70.0799,2601,26,KST-KHS-115
23595,1537,2,33.3285,70.0583,2601,26,KST-KHS-100
23596,35,2,33.3146,70.1309,2601,26,KST-KHS-067
23597,34,2,33.2682,70.0894,2601,26,KST-KHS-133
23598,397,2,33.3769,70.1027,2601,26,KST-KHS-168
23599,710,2,33.3261,70.0904,2601,26,KST-KHS-172
23600,2534,2,33.3807,70.0686,2601,26,KST-KHS-028
23601,565,2,33.3253,70.0866,2601,26,KST-KHS-114
23602,1445,2,33.3551,70.0747,2601,26,KST-KHS-087
23603,124,2,33.3319,70.0861,2601,26,KST-KHS-177
23604,286,2,33.3911,70.1111,2608,26,KST-TZY-017
23605,1260,2,33.4031,70.13,2608,26,KST-TZY-043
23606,1049,2,33.4183,70.0871,2608,26,KST-TZY-019
23607,720,2,33.3999,70.1209,2608,26,KST-TZY-060
23608,1737,2,33.3872,70.1185,2608,26,KST-TZY-029
23609,1126,2,33.3869,70.1006,2608,26,KST-TZY-068
23610,545,2,33.4087,70.0968,2608,26,KST-TZY-066
23611,1028,2,33.367,70.1228,2608,26,KST-TZY-040
23612,1673,2,33.3591,70.1828,2608,26,KST-TZY-057
23613,761,2,33.3619,70.1939,2608,26,KST-TZY-028
23614,2674,2,33.338,70.2111,2608,26,KST-TZY-044
23615,704,2,33.2562,70.2,2608,26,KST-TZY-074
23616,16,2,33.345,70.2398,2608,26,KST-TZY-054
23617,172,2,33.2745,70.2043,2608,26,KST-TZY-047
23618,46,2,33.2859,70.2022,2608,26,KST-TZY-027
23619,2876,2,33.3191,70.2036,2608,26,KST-TZY-058
23620,111,2,33.2935,70.2033,2608,26,KST-TZY-022
23621,199,2,33.3447,70.2088,2608,26,KST-TZY-067
23622,108,2,33.2699,70.2141,2608,26,KST-TZY-035
23626,686,2,33.5844,70.0181,2612,26,KST-BAK-042
23630,914,2,33.533006,70.029381,2612,26,KST-BAK-028
23631,914,2,33.5307,70.0274,2612,26,KST-BAK-044
23636,2086,2,33.5257,70.0413,2612,26,KST-BAK-045
23637,1265,2,33.537708,70.023842,2612,26,KST-BAK-023
23638,1265,2,33.5347,70.0224,2612,26,KST-BAK-046
23639,2406,2,33.5299,70.0191,2612,26,KST-BAK-040
23641,547,2,33.522397,70.011728,2612,26,KST-BAK-034
23642,686,2,33.5844,70.0181,2612,26,KST-BAK-041
23643,723,2,33.5924,70.019,2612,26,KST-BAK-043
23644,4751,2,33.4557,69.9443,2602,26,KST-SBR-010
23645,431,2,33.509,69.9626,2602,26,KST-SBR-011
23646,2048,2,33.5245,69.9721,2602,26,KST-SBR-013
23647,1939,2,33.4692,69.9741,2602,26,KST-SBR-018
23648,738,2,33.456,70.0219,2602,26,KST-SBR-019
23649,1018,2,33.5084,69.9512,2602,26,KST-SBR-021
23650,2443,2,33.4772,70.0549,2602,26,KST-SBR-022
23651,3412,2,33.4937,70.0052,2602,26,KST-SBR-025
23652,1727,2,33.4638,70.0148,2602,26,KST-SBR-028
23653,1866,2,33.4967,69.9774,2602,26,KST-SBR-029
23654,2120,2,33.4695,69.9888,2602,26,KST-SBR-037
23655,2022,2,33.4676,70.0341,2602,26,KST-SBR-044
23656,4537,2,33.4606,69.9874,2602,26,KST-SBR-045
23657,332,2,33.4738,70.0165,2602,26,KST-SBR-046
23658,730,2,33.5133,69.9822,2602,26,KST-SBR-050
23659,714,2,33.4981,69.96,2602,26,KST-SBR-051
23660,1733,2,33.4792,69.9754,2602,26,KST-SBR-052
23661,3956,2,33.4906,69.9557,2602,26,KST-SBR-054
23662,1368,2,33.4857,69.9825,2602,26,KST-SBR-064
23663,152,2,33.6025,69.9863,2602,26,KST-SBR-067
23664,950,2,33.4717,70.0415,2602,26,KST-SBR-068
23665,1797,2,33.4648,69.9794,2602,26,KST-SBR-074
23666,1294,2,33.4784,70.0048,2602,26,KST-SBR-075
23667,950,2,33.4709,70.0172,2602,26,KST-SBR-076
23668,3592,2,33.455,69.9928,2602,26,KST-SBR-078
23669,1046,2,33.4707,69.9963,2602,26,KST-SBR-087
23670,1270,2,33.4458,70.0517,2608,26,KST-TZY-018
23671,230,2,33.4523,70.0487,2608,26,KST-TZY-056
23672,177,2,33.4534,70.0371,2608,26,KST-TZY-020
23673,863,2,33.4585,70.0431,2608,26,KST-TZY-070
23674,1017,2,33.4666,70.0517,2608,26,KST-TZY-024
23675,1017,2,33.4255,70.0278,2608,26,KST-TZY-025
23676,386,2,33.4965,70.1108,2612,26,KST-BAK-017
23677,1324,2,33.4644,70.0773,2608,26,KST-TZY-034
23678,100,2,33.48,70.0764,2608,26,KST-TZY-077
23679,1260,2,33.4615,70.0668,2608,26,KST-TZY-042
23680,59,2,33.4719,70.0625,2608,26,KST-TZY-062
23681,735,2,33.463,70.0601,2608,26,KST-TZY-033
23682,173,2,33.5626,70.0426,2613,26,KST-JMN-027
23683,58,2,33.562,70.0881,2613,26,KST-JMN-043
23684,138,2,33.5638,70.0698,2613,26,KST-JMN-056
23685,68,2,33.5549,70.0361,2613,26,KST-JMN-061
23686,112,2,33.5563,70.0808,2613,26,KST-JMN-077
23687,1367,2,33.5078,70.0552,2612,26,KST-BAK-015
23688,695,2,33.5035,70.0289,2612,26,KST-BAK-025
23689,1021,2,33.5028,70.0897,2612,26,KST-BAK-021
23690,1286,2,33.5234,70.0323,2612,26,KST-BAK-030
23691,943,2,33.5053,70.0527,2612,26,KST-BAK-014
23692,600,2,33.5088,70.0596,2612,26,KST-BAK-029
23693,289,2,33.498,70.0346,2612,26,KST-BAK-008
23694,1071,2,33.499,70.0454,2612,26,KST-BAK-019
23695,1719,2,33.5169,70.0823,2612,26,KST-BAK-009
23696,247,2,33.5119,70.098,2612,26,KST-BAK-016
23697,1000,2,33.5169,70.0556,2612,26,KST-BAK-037
23698,1037,2,33.5143,70.0545,2612,26,KST-BAK-018
23699,2086,2,33.5257,70.0413,2612,26,KST-BAK-036
23700,479,2,33.5116,70.038,2612,26,KST-BAK-013
23701,840,2,33.5135,70.0484,2612,26,KST-BAK-031
23702,242,2,33.5102,70.0311,2612,26,KST-BAK-012
23703,445,2,33.5054,70.0398,2612,26,KST-BAK-010
23704,702,5,33.5137,70.0266,2612,26,KST-BAK-011
23705,506,2,33.5537,70.1117,2613,26,KST-JMN-073
23706,3000,2,33.5433,70.0156,2612,26,KST-BAK-039
23707,2406,2,33.5299,70.0191,2612,26,KST-BAK-024
23708,1582,2,33.5421,70.0117,2612,26,KST-BAK-027
23709,892,2,33.539,70.0102,2612,26,KST-BAK-022
23710,147,2,33.54,70.0051,2612,26,KST-BAK-026
23711,1119,2,33.508,70.0132,2612,26,KST-BAK-020
23712,3362,2,33.5348,70.0039,2612,26,KST-BAK-033
23713,500,2,33.51,70.0156,2612,26,KST-BAK-038
23714,723,2,33.5924,70.019,2612,26,KST-BAK-032
23715,686,2,33.5844,70.0181,2612,26,KST-BAK-035
23716,221,2,33.5753,70.0501,2613,26,KST-JMN-038
23717,270,2,33.5879,70.0405,2613,26,KST-JMN-052
23718,491,2,33.645,69.9978,2613,26,KST-JMN-029
23719,443,2,33.5864,70.0609,2613,26,KST-JMN-032
23723,4,2,33.63739,70.10239,2613,26,KST-JMN-008
23724,95,2,33.59636,70.07685,2613,26,KST-JMN-009
23725,634,2,33.5793,70.086,2613,26,KST-JMN-063
23726,593,2,33.6294,70.1133,2613,26,KST-JMN-010
23727,267,2,33.6274,70.1299,2613,26,KST-JMN-011
23728,1715,2,33.6433,70.0454,2613,26,KST-JMN-012
23729,468,2,33.611,70.0846,2613,26,KST-JMN-013
23730,445,2,33.6469,70.085,2613,26,KST-JMN-014
23731,93,2,33.6911,70.0609,2613,26,KST-JMN-015
23732,72,2,33.6466,70.1708,2613,26,KST-JMN-017
23733,83,2,33.5949,70.0866,2613,26,KST-JMN-018
23734,100,2,33.6845,70.0819,2613,26,KST-JMN-019
23735,335,2,33.7088,70.0637,2613,26,KST-JMN-022
23736,219,2,33.6975,70.0536,2613,26,KST-JMN-023
23737,41,2,33.5718,70.1059,2613,26,KST-JMN-054
23738,121,2,33.5763,70.11,2613,26,KST-JMN-083
23739,1014,2,33.6773,70.0086,2613,26,KST-JMN-024
23740,358,2,33.6382,70.1136,2613,26,KST-JMN-025
23741,349,2,33.6224,70.1237,2613,26,KST-JMN-026
23742,21,2,33.6315,70.0386,2613,26,KST-JMN-028
23743,248,2,33.6346,70.1347,2613,26,KST-JMN-030
23744,163,2,33.6096,70.1388,2613,26,KST-JMN-031
23745,231,2,33.6568,70.0186,2613,26,KST-JMN-033
23746,84,2,33.5944,70.1453,2613,26,KST-JMN-034
23747,174,2,33.6778,70.0681,2613,26,KST-JMN-035
23748,226,9,33.6031,70.0772,2613,26,KST-JMN-036
23749,98,2,33.5935,70.068,2613,26,KST-JMN-037
23750,160,2,33.646,70.0119,2613,26,KST-JMN-040
23751,161,2,33.7082,70.0248,2613,26,KST-JMN-045
23752,137,2,33.7146,70.0781,2613,26,KST-JMN-046
23753,114,2,33.6296,70.1218,2613,26,KST-JMN-047
23754,189,2,33.6618,70.1181,2613,26,KST-JMN-048
23755,565,2,33.6026,70.107,2613,26,KST-JMN-049
23756,30,2,33.7045,70.0809,2613,26,KST-JMN-050
23757,290,2,33.6338,70.1196,2613,26,KST-JMN-051
23758,488,2,33.6142,70.1151,2613,26,KST-JMN-053
23759,42,2,33.5986,70.1206,2613,26,KST-JMN-055
23760,208,2,33.6392,70.141,2613,26,KST-JMN-057
23761,156,2,33.6002,70.0866,2613,26,KST-JMN-058
23762,92,2,33.6755,70.0189,2613,26,KST-JMN-059
23763,204,2,33.7023,70.0401,2613,26,KST-JMN-060
23764,189,2,33.6232,70.1178,2613,26,KST-JMN-062
23765,345,2,33.6362,70.1169,2613,26,KST-JMN-066
23766,1025,2,33.6154,70.1617,2613,26,KST-JMN-067
23767,758,2,33.6467,70.1057,2613,26,KST-JMN-068
23768,736,2,33.6045,70.0673,2613,26,KST-JMN-069
23769,289,2,33.6774,69.9958,2613,26,KST-JMN-071
23770,112,2,33.6222,70.1449,2613,26,KST-JMN-072
23771,236,2,33.597,70.0955,2613,26,KST-JMN-074
23772,89,2,33.7123,70.0955,2613,26,KST-JMN-075
23773,69,2,33.635,70.0527,2613,26,KST-JMN-076
23774,74,2,33.6575,70.0779,2613,26,KST-JMN-078
23775,595,9,33.5995,70.0821,2613,26,KST-JMN-079
23776,443,2,33.6091,70.0783,2613,26,KST-JMN-080
23777,659,2,33.6466,70.1171,2613,26,KST-JMN-081
23778,134,2,33.6245,70.0789,2613,26,KST-JMN-082
23779,145,2,33.65,70.0585,2613,26,KST-JMN-084
23780,285,2,33.6217,70.1295,2613,26,KST-JMN-085
23781,34,2,33.6355,70.0859,2613,26,KST-JMN-086
23782,151,2,33.5901,70.1298,2613,26,KST-JMN-087
23783,190,2,33.6383,70.0511,2613,26,KST-JMN-088
23784,549,2,33.6242,70.1351,2613,26,KST-JMN-089
23785,6887,2,33.6301,70.1243,2613,26,KST-JMN-090
23790,392,2,33.6108,69.6833,2603,26,KST-MSK-008
23791,469,2,33.604,69.6823,2603,26,KST-MSK-009
23792,621,2,33.5387,69.6791,2603,26,KST-MSK-010
23793,1657,2,33.5028,69.7549,2603,26,KST-MSK-012
23794,412,2,33.5522,69.7553,2603,26,KST-MSK-013
23795,184,2,33.6008,69.6714,2603,26,KST-MSK-014
23796,249,2,33.5149,69.7741,2603,26,KST-MSK-016
23797,254,2,33.5952,69.6517,2603,26,KST-MSK-017
23798,261,2,33.5985,69.698,2603,26,KST-MSK-020
23799,172,2,33.4459,69.8062,2603,26,KST-MSK-021
23800,376,2,33.5904,69.6317,2603,26,KST-MSK-023
23801,669,2,33.6163,69.626,2603,26,KST-MSK-024
23802,167,2,33.5868,69.6483,2603,26,KST-MSK-025
23803,502,2,33.5489,69.7326,2603,26,KST-MSK-026
23804,851,2,33.5745,69.7786,2603,26,KST-MSK-029
23805,54,2,33.484,69.7718,2603,26,KST-MSK-032
23806,530,2,33.5971,69.6451,2603,26,KST-MSK-033
23807,372,2,33.5208,69.7014,2603,26,KST-MSK-034
23808,114,2,33.5687,69.7336,2603,26,KST-MSK-035
23809,280,2,33.5977,69.6634,2603,26,KST-MSK-036
23810,86,2,33.5904,69.6685,2603,26,KST-MSK-038
23811,794,2,33.5499,69.7193,2603,26,KST-MSK-040
23812,495,2,33.5395,69.7321,2603,26,KST-MSK-041
23813,733,2,33.6165,69.686,2603,26,KST-MSK-042
23814,222,2,33.5883,69.6259,2603,26,KST-MSK-043
23815,406,2,33.6244,69.6075,2603,26,KST-MSK-044
23816,1097,2,33.4624,69.822,2603,26,KST-MSK-046
23817,144,2,33.5576,69.6926,2603,26,KST-MSK-047
23818,482,2,33.6042,69.6406,2603,26,KST-MSK-049
23819,340,2,33.5485,69.6943,2603,26,KST-MSK-050
23820,82,2,33.455,69.8254,2603,26,KST-MSK-051
23821,896,2,33.4481,69.8029,2603,26,KST-MSK-052
23822,77,2,33.5971,69.6812,2603,26,KST-MSK-053
23823,2031,2,33.5157,69.7332,2603,26,KST-MSK-055
23824,164,2,33.5191,69.6894,2603,26,KST-MSK-056
23825,268,2,33.5869,69.7345,2603,26,KST-MSK-057
23826,317,2,33.6242,69.6524,2603,26,KST-MSK-058
23827,228,2,33.5742,69.6636,2603,26,KST-MSK-060
23828,462,2,33.4966,69.7621,2603,26,KST-MSK-061
23829,92,2,33.5777,69.6712,2603,26,KST-MSK-062
23830,204,2,33.5818,69.637,2603,26,KST-MSK-063
23831,870,2,33.473,69.7975,2603,26,KST-MSK-067
23832,735,2,33.5938,69.7158,2603,26,KST-MSK-068
23833,1498,2,33.4883,69.7469,2603,26,KST-MSK-070
23834,170,2,33.5869,69.7,2603,26,KST-MSK-071
23835,264,2,33.5874,69.638,2603,26,KST-MSK-073
23836,382,2,33.5736,69.7512,2603,26,KST-MSK-075
23837,31,2,33.5676,69.6521,2603,26,KST-MSK-077
23838,2196,2,33.5463,69.7257,2603,26,KST-MSK-078
23839,6316,2,33.5419,69.7346,2603,26,KST-MSK-079
23840,241,2,33.4477,69.7755,2609,26,KST-QLD-009
23841,95,2,33.4694,69.7318,2609,26,KST-QLD-015
23842,833,2,33.5026,69.7073,2609,26,KST-QLD-016
23843,166,2,33.5008,69.7111,2609,26,KST-QLD-021
23844,853,2,33.4821,69.7465,2609,26,KST-QLD-025
23845,345,2,33.5042,69.6949,2609,26,KST-QLD-027
23846,250,2,33.4995,69.7316,2609,26,KST-QLD-035
23847,833,2,33.5199,69.679,2609,26,KST-QLD-036
23848,1527,2,33.5424,69.811,2602,26,KST-SBR-042
23849,151,2,33.5438,69.8009,2602,26,KST-SBR-047
23850,638,2,33.5435,69.8092,2602,26,KST-SBR-058
23851,678,2,33.5607,69.7826,2602,26,KST-SBR-082
23852,190,2,33.4433,69.7568,2604,26,KST-NSK-033
23853,561,2,33.63286,69.70724,2603,26,KST-MSK-005
23858,174,2,33.6341,69.7148,2603,26,KST-MSK-006
23859,512,2,33.6248,69.7081,2603,26,KST-MSK-011
23860,904,2,33.6219,69.6939,2603,26,KST-MSK-027
23861,215,2,33.6348,69.6967,2603,26,KST-MSK-028
23862,54,2,33.6011,69.7714,2603,26,KST-MSK-030
23863,305,2,33.6761,69.6248,2603,26,KST-MSK-031
23864,141,2,33.6685,69.6169,2603,26,KST-MSK-037
23865,828,2,33.6183,69.7183,2603,26,KST-MSK-059
23866,852,2,33.6276,69.7028,2603,26,KST-MSK-064
24038,462,2,33.7117,70.008,2613,26,KST-JMN-020
24039,931,2,33.7009,70.0006,2613,26,KST-JMN-042
24040,225,2,33.7096,69.9846,2613,26,KST-JMN-065
24057,303,2,33.6689,69.5928,2603,26,KST-MSK-018
24058,309,2,33.6775,69.5923,2603,26,KST-MSK-045
24059,200,2,33.6836,69.6121,2603,26,KST-MSK-054
24060,323,2,33.6792,69.6096,2603,26,KST-MSK-074
44632,63,2,32.3462,66.4892,2403,24,ZBL-MZN-007
44633,110,2,32.3421,66.5044,2403,24,ZBL-MZN-019
44634,190,2,32.3461,66.5234,2403,24,ZBL-MZN-024
44635,213,2,32.3242,66.491,2403,24,ZBL-MZN-043
44636,160,2,32.3478,66.5097,2403,24,ZBL-MZN-045
44637,183,2,32.3293,66.4855,2403,24,ZBL-MZN-060
44638,87,2,32.3395,66.5223,2403,24,ZBL-MZN-082
44639,189,2,32.3606,66.5583,2403,24,ZBL-MZN-088
44640,138,2,32.3213,66.484,2403,24,ZBL-MZN-092
45002,711,2,33.4235,70.061,2608,26,KST-TZY-084
